Symbol,Name
005930,삼성전자
000660,SK하이닉스
373220,LG에너지솔루션
207940,삼성바이오로직스
005380,현대차
105560,KB금융
068270,셀트리온
000270,기아
035420,NAVER
055550,신한지주
005490,POSCO홀딩스
012330,현대모비스
028260,삼성물산
032830,삼성생명
051910,LG화학
010130,고려아연
329180,HD현대중공업
138040,메리츠금융지주
086790,하나금융지주
006400,삼성SDI
000810,삼성화재
096770,SK이노베이션
035720,카카오
011200,HMM
015760,한국전력
033780,KT&G
066570,LG전자
009540,HD한국조선해양
259960,크래프톤
012450,한화에어로스페이스
003670,포스코퓨처엠
034020,두산에너빌리티
017670,SK텔레콤
267260,HD현대일렉트릭
316140,우리금융지주
003550,LG
030200,KT
024110,기업은행
018260,삼성에스디에스
042660,한화오션
402340,SK스퀘어
323410,카카오뱅크
010140,삼성중공업
034730,SK
086280,현대글로비스
003490,대한항공
000100,유한양행
047050,포스코인터내셔널
352820,하이브
009150,삼성전기
326030,SK바이오팜
005830,DB손해보험
042700,한미반도체
010950,S-Oil
450080,에코프로머티
267250,HD현대
090430,아모레퍼시픽
047810,한국항공우주
064350,현대로템
032640,LG유플러스
180640,한진칼
051900,LG생활건강
021240,코웨이
010620,HD현대미포
006800,미래에셋증권
161390,한국타이어앤테크놀로지
036570,엔씨소프트
034220,LG디스플레이
029780,삼성카드
272210,한화시스템
010120,LS ELECTRIC
454910,두산로보틱스
079550,LIG넥스원
005940,NH투자증권
251270,넷마블
071050,한국금융지주
097950,CJ제일제당
036460,한국가스공사
016360,삼성증권
271560,오리온
078930,GS
241560,두산밥캣
011790,SKC
011070,LG이노텍
003230,삼양식품
175330,JB금융지주
035250,강원랜드
302440,SK바이오사이언스
066970,엘앤에프
028050,삼성E&A
128940,한미약품
022100,포스코DX
138930,BNK금융지주
039490,키움증권
000150,두산
377300,카카오페이
000720,현대건설
001040,CJ
004020,현대제철
006260,LS
026960,동서
011170,롯데케미칼
011780,금호석유
009830,한화솔루션
052690,한전기술
001450,현대해상
081660,휠라홀딩스
088350,한화생명
012750,에스원
008930,한미사이언스
007070,GS리테일
051600,한전KPS
000880,한화
001440,대한전선
002380,KCC
030000,제일기획
004990,롯데지주
005070,코스모신소재
017800,현대엘리베이
018880,한온시스템
004370,농심
361610,SK아이이테크놀로지
028670,팬오션
383220,F&F
000120,CJ대한통운
002790,아모레G
009420,한올바이오파마
111770,영원무역
112610,씨에스윈드
139480,이마트
204320,HL만도
282330,BGF리테일
489790,한화인더스트리얼솔루션즈
000240,한국앤컴퍼니
001570,금양
006280,녹십자
006360,GS건설
192820,코스맥스
008770,호텔신라
023530,롯데쇼핑
047040,대우건설
007310,오뚜기
000080,하이트진로
005850,에스엘
139130,DGB금융지주
069620,대웅제약
103140,풍산
042670,HD현대인프라코어
003090,대웅
004170,신세계
009240,한샘
014820,동원시스템즈
375500,DL이앤씨
137310,에스디바이오센서
161890,한국콜마
185750,종근당
073240,금호타이어
001120,LX인터내셔널
001800,오리온홀딩스
005300,롯데칠성
009970,영원무역홀딩스
010060,OCI홀딩스
011210,현대위아
457190,이수스페셜티케미컬
069960,현대백화점
192080,더블유게임즈
280360,롯데웰푸드
300720,한일시멘트
336260,두산퓨얼셀
014680,한솔케미칼
001740,SK네트웍스
002710,TCC스틸
003620,KG모빌리티
298020,효성티앤씨
004490,세방전지
039130,하나투어
004000,롯데정밀화학
000210,DL
298050,HS효성첨단소재
001430,세아베스틸지주
001680,대상
003030,세아제강지주
004800,효성
005250,녹십자홀딩스
005420,코스모화학
016380,KG스틸
032350,롯데관광개발
069260,TKG휴켐스
114090,GKL
120110,코오롱인더
145720,덴티움
271940,일진하이솔루스
285130,SK케미칼
000670,영풍
006110,삼아알미늄
006650,대한유화
008730,율촌화학
178920,PI첨단소재
093370,후성
105630,한세실업
009900,명신산업
