Symbol,Name
005930,삼성전자
000660,SK하이닉스
373220,LG에너지솔루션
207940,삼성바이오로직스
005380,현대차
105560,KB금융
068270,셀트리온
000270,기아
035420,NAVER
055550,신한지주
005490,POSCO홀딩스
012330,현대모비스
028260,삼성물산
032830,삼성생명
051910,LG화학
010130,고려아연
329180,HD현대중공업
138040,메리츠금융지주
006400,삼성SDI
000810,삼성화재
086790,하나금융지주
096770,SK이노베이션
035720,카카오
011200,HMM
196170,알테오젠
015760,한국전력
033780,KT&G
066570,LG전자
259960,크래프톤
009540,HD한국조선해양
012450,한화에어로스페이스
003670,포스코퓨처엠
034020,두산에너빌리티
247540,에코프로비엠
017670,SK텔레콤
267260,HD현대일렉트릭
316140,우리금융지주
003550,LG
030200,KT
024110,기업은행
018260,삼성에스디에스
042660,한화오션
402340,SK스퀘어
323410,카카오뱅크
086520,에코프로
010140,삼성중공업
034730,SK
028300,HLB
086280,현대글로비스
000100,유한양행
003490,대한항공
047050,포스코인터내셔널
352820,하이브
009150,삼성전기
326030,SK바이오팜
005830,DB손해보험
042700,한미반도체
010950,S-Oil
450080,에코프로머티
267250,HD현대
090430,아모레퍼시픽
047810,한국항공우주
064350,현대로템
180640,한진칼
032640,LG유플러스
010620,HD현대미포
006800,미래에셋증권
021240,코웨이
029780,삼성카드
051900,LG생활건강
036570,엔씨소프트
034220,LG디스플레이
161390,한국타이어앤테크놀로지
454910,두산로보틱스
079550,LIG넥스원
251270,넷마블
010120,LS ELECTRIC
005940,NH투자증권
272210,한화시스템
036460,한국가스공사
071050,한국금융지주
016360,삼성증권
271560,오리온
097950,CJ제일제당
035250,강원랜드
078930,GS
241560,두산밥캣
011790,SKC
307950,현대오토에버
003230,삼양식품
011070,LG이노텍
298040,효성중공업
066970,엘앤에프
302440,SK바이오사이언스
175330,JB금융지주
028050,삼성E&A
141080,리가켐바이오
128940,한미약품
022100,포스코DX
039490,키움증권
214150,클래시스
145020,휴젤
138930,BNK금융지주
377300,카카오페이
000720,현대건설
000150,두산
026960,동서
277810,레인보우로보틱스
011780,금호석유
006260,LS
009830,한화솔루션
004020,현대제철
052690,한전기술
011170,롯데케미칼
001040,CJ
348370,엔켐
081660,휠라홀딩스
263750,펄어비스
035900,JYP Ent.
088350,한화생명
000250,삼천당제약
058470,리노공업
012750,에스원
007070,GS리테일
008930,한미사이언스
001450,현대해상
017800,현대엘리베이
018880,한온시스템
030000,제일기획
051600,한전KPS
068760,셀트리온제약
214450,파마리서치
012510,더존비즈온
000880,한화
001440,대한전선
002380,KCC
004370,농심
004990,롯데지주
005070,코스모신소재
403870,HPSP
361610,SK아이이테크놀로지
383220,F&F
328130,루닛
282330,BGF리테일
041510,에스엠
028670,팬오션
489790,한화인더스트리얼솔루션즈
111770,영원무역
112610,씨에스윈드
139480,이마트
009420,한올바이오파마
237690,에스티팜
000120,CJ대한통운
002790,아모레G
204320,HL만도
039030,이오테크닉스
112040,위메이드
140860,파크시스템스
178320,서진시스템
253450,스튜디오드래곤
357780,솔브레인
000240,한국앤컴퍼니
001570,금양
003690,코리안리
006280,녹십자
006360,GS건설
007310,오뚜기
008770,호텔신라
023530,롯데쇼핑
047040,대우건설
139130,DGB금융지주
192820,코스맥스
035760,CJ ENM
294870,HDC현대산업개발
078600,대주전자재료
089030,테크윙
293490,카카오게임즈
298380,에이비엘바이오
000080,하이트진로
000990,DB하이텍
004170,신세계
005850,에스엘
007660,이수페타시스
014820,동원시스템즈
042670,HD현대인프라코어
069620,대웅제약
103140,풍산
137310,에스디바이오센서
036930,주성엔지니어링
005290,동진쎄미켐
457190,이수스페셜티케미컬
067630,HLB생명과학
096530,씨젠
204270,제이앤티씨
214370,케어젠
240810,원익IPS
001120,LX인터내셔널
003090,대웅
005300,롯데칠성
007340,DN오토모티브
009970,영원무역홀딩스
010060,OCI홀딩스
011210,현대위아
014680,한솔케미칼
020150,롯데에너지머티리얼즈
161890,한국콜마
185750,종근당
267270,HD현대건설기계
336260,두산퓨얼셀
375500,DL이앤씨
067160,SOOP
039200,오스코텍
280360,롯데웰푸드
095340,ISC
122870,와이지엔터테인먼트
137400,피엔티
140410,메지온
195940,HK이노엔
225570,넥슨게임즈
376300,디어유
001740,SK네트웍스
001800,오리온홀딩스
002710,TCC스틸
004000,롯데정밀화학
004490,세방전지
034230,파라다이스
039130,하나투어
069960,현대백화점
085620,미래에셋생명
108320,LX세미콘
192080,더블유게임즈
248070,솔루엠
086900,메디톡스
036830,솔브레인홀딩스
353200,대덕전자
058970,엠로
084370,유진테크
085660,차바이오텍
121600,나노신소재
281740,레이크머티리얼즈
000210,DL
001430,세아베스틸지주
003030,세아제강지주
003620,KG모빌리티
004800,효성
006120,SK디스커버리
023590,다우기술
069260,TKG휴켐스
089590,제주항공
100090,SK오션플랜트
114090,GKL
120110,코오롱인더
285130,SK케미칼
298020,효성티앤씨
298050,HS효성첨단소재
056190,에스에프에이
003380,하림지주
456040,OCI
031980,피에스케이홀딩스
036540,SFA반도체
048410,현대바이오
064550,바이오니아
067310,하나마이크론
074600,원익QnC
098460,고영
101490,에스앤에스텍
222080,씨아이에스
348210,넥스틴
365340,성일하이텍
383310,에코프로에이치엔
418550,제이오
001060,JW중외제약
005420,코스모화학
006110,삼아알미늄
006650,대한유화
008730,율촌화학
009900,명신산업
016380,KG스틸
032350,롯데관광개발
093370,후성
105630,한세실업
145720,덴티움
178920,PI첨단소재
192650,드림텍
336370,솔루스첨단소재
009520,포스코엠텍
015750,성우하이텍
025900,동화기업
131970,두산테스나
166090,하나머티리얼즈
189300,인텔리안테크
215200,메가스터디교육
195870,해성디에스
278280,천보
336570,원텍
372170,윤성에프앤씨
393890,더블유씨피
399720,가온칩스
420770,기가비스
222800,심텍
487570,HS효성
