Date,Close
2014-12-12 00:00:00+09:00,2986.111083984375
2014-12-15 00:00:00+09:00,3152.77783203125
2014-12-16 00:00:00+09:00,2958.333251953125
2014-12-17 00:00:00+09:00,2916.666748046875
2014-12-18 00:00:00+09:00,3118.0556640625
2014-12-19 00:00:00+09:00,3250.0
2014-12-22 00:00:00+09:00,3513.888916015625
2014-12-23 00:00:00+09:00,3451.388916015625
2014-12-24 00:00:00+09:00,3652.77783203125
2014-12-26 00:00:00+09:00,3618.0556640625
2014-12-29 00:00:00+09:00,3506.9443359375
2014-12-30 00:00:00+09:00,3493.0556640625
2015-01-02 00:00:00+09:00,3486.111083984375
2015-01-05 00:00:00+09:00,3666.666748046875
2015-01-06 00:00:00+09:00,3680.5556640625
2015-01-07 00:00:00+09:00,3625.0
2015-01-08 00:00:00+09:00,3625.0
2015-01-09 00:00:00+09:00,3513.888916015625
2015-01-12 00:00:00+09:00,3562.5
2015-01-13 00:00:00+09:00,3652.77783203125
2015-01-14 00:00:00+09:00,3902.77783203125
2015-01-15 00:00:00+09:00,4097.22216796875
2015-01-16 00:00:00+09:00,4097.22216796875
2015-01-19 00:00:00+09:00,4555.5556640625
2015-01-20 00:00:00+09:00,4736.111328125
2015-01-21 00:00:00+09:00,4701.388671875
2015-01-22 00:00:00+09:00,4652.77783203125
2015-01-23 00:00:00+09:00,4618.0556640625
2015-01-26 00:00:00+09:00,5000.0
2015-01-27 00:00:00+09:00,5208.33349609375
2015-01-28 00:00:00+09:00,5277.77783203125
2015-01-29 00:00:00+09:00,5090.27783203125
2015-01-30 00:00:00+09:00,4888.888671875
2015-02-02 00:00:00+09:00,4861.111328125
2015-02-03 00:00:00+09:00,4861.111328125
2015-02-04 00:00:00+09:00,5326.388671875
2015-02-05 00:00:00+09:00,5527.77783203125
2015-02-06 00:00:00+09:00,5826.388671875
2015-02-09 00:00:00+09:00,5638.888671875
2015-02-10 00:00:00+09:00,5833.33349609375
2015-02-11 00:00:00+09:00,5743.0556640625
2015-02-12 00:00:00+09:00,5618.0556640625
2015-02-13 00:00:00+09:00,6111.111328125
2015-02-16 00:00:00+09:00,5868.0556640625
2015-02-17 00:00:00+09:00,5777.77783203125
2015-02-23 00:00:00+09:00,5833.33349609375
2015-02-24 00:00:00+09:00,6388.888671875
2015-02-25 00:00:00+09:00,6152.77783203125
2015-02-26 00:00:00+09:00,6201.388671875
2015-02-27 00:00:00+09:00,6041.66650390625
2015-03-02 00:00:00+09:00,5875.0
2015-03-03 00:00:00+09:00,5694.4443359375
2015-03-04 00:00:00+09:00,5701.388671875
2015-03-05 00:00:00+09:00,5680.5556640625
2015-03-06 00:00:00+09:00,6013.888671875
2015-03-09 00:00:00+09:00,6180.5556640625
2015-03-10 00:00:00+09:00,5923.611328125
2015-03-11 00:00:00+09:00,5805.5556640625
2015-03-12 00:00:00+09:00,5743.0556640625
2015-03-13 00:00:00+09:00,5743.0556640625
2015-03-16 00:00:00+09:00,5673.611328125
2015-03-17 00:00:00+09:00,5777.77783203125
2015-03-18 00:00:00+09:00,5611.111328125
2015-03-19 00:00:00+09:00,5486.111328125
2015-03-20 00:00:00+09:00,5583.33349609375
2015-03-23 00:00:00+09:00,5583.33349609375
2015-03-24 00:00:00+09:00,5756.9443359375
2015-03-25 00:00:00+09:00,6055.5556640625
2015-03-26 00:00:00+09:00,5694.4443359375
2015-03-27 00:00:00+09:00,5520.83349609375
2015-03-30 00:00:00+09:00,5409.72216796875
2015-03-31 00:00:00+09:00,5437.5
2015-04-01 00:00:00+09:00,5375.0
2015-04-02 00:00:00+09:00,5305.5556640625
2015-04-03 00:00:00+09:00,5229.16650390625
2015-04-06 00:00:00+09:00,5215.27783203125
2015-04-07 00:00:00+09:00,5486.111328125
2015-04-08 00:00:00+09:00,5493.0556640625
2015-04-09 00:00:00+09:00,5694.4443359375
2015-04-10 00:00:00+09:00,5652.77783203125
2015-04-13 00:00:00+09:00,6375.0
2015-04-14 00:00:00+09:00,6250.0
2015-04-15 00:00:00+09:00,6083.33349609375
2015-04-16 00:00:00+09:00,6416.66650390625
2015-04-17 00:00:00+09:00,6416.66650390625
2015-04-20 00:00:00+09:00,6437.5
2015-04-21 00:00:00+09:00,6444.4443359375
2015-04-22 00:00:00+09:00,6631.9443359375
2015-04-23 00:00:00+09:00,6312.5
2015-04-24 00:00:00+09:00,6138.888671875
2015-04-27 00:00:00+09:00,6006.9443359375
2015-04-28 00:00:00+09:00,5694.4443359375
2015-04-29 00:00:00+09:00,5791.66650390625
2015-04-30 00:00:00+09:00,5541.66650390625
2015-05-04 00:00:00+09:00,5187.5
2015-05-06 00:00:00+09:00,4513.888671875
2015-05-07 00:00:00+09:00,4847.22216796875
2015-05-08 00:00:00+09:00,5131.9443359375
2015-05-11 00:00:00+09:00,5270.83349609375
2015-05-12 00:00:00+09:00,5250.0
2015-05-13 00:00:00+09:00,5243.0556640625
2015-05-14 00:00:00+09:00,5354.16650390625
2015-05-15 00:00:00+09:00,5368.0556640625
2015-05-18 00:00:00+09:00,5138.888671875
2015-05-19 00:00:00+09:00,5166.66650390625
2015-05-20 00:00:00+09:00,5444.4443359375
2015-05-21 00:00:00+09:00,5479.16650390625
2015-05-22 00:00:00+09:00,5416.66650390625
2015-05-26 00:00:00+09:00,5166.66650390625
2015-05-27 00:00:00+09:00,5187.5
2015-05-28 00:00:00+09:00,5020.83349609375
2015-05-29 00:00:00+09:00,5333.33349609375
2015-06-01 00:00:00+09:00,5486.111328125
2015-06-02 00:00:00+09:00,5972.22216796875
2015-06-03 00:00:00+09:00,5937.5
2015-06-04 00:00:00+09:00,6013.888671875
2015-06-05 00:00:00+09:00,5868.0556640625
2015-06-08 00:00:00+09:00,5937.5
2015-06-09 00:00:00+09:00,6152.77783203125
2015-06-10 00:00:00+09:00,5819.4443359375
2015-06-11 00:00:00+09:00,5763.888671875
2015-06-12 00:00:00+09:00,5687.5
2015-06-15 00:00:00+09:00,5708.33349609375
2015-06-16 00:00:00+09:00,6111.111328125
2015-06-17 00:00:00+09:00,6250.0
2015-06-18 00:00:00+09:00,6465.27783203125
2015-06-19 00:00:00+09:00,6375.0
2015-06-22 00:00:00+09:00,6027.77783203125
2015-06-23 00:00:00+09:00,6048.611328125
2015-06-24 00:00:00+09:00,6743.0556640625
2015-06-25 00:00:00+09:00,7819.4443359375
2015-06-26 00:00:00+09:00,7763.888671875
2015-06-29 00:00:00+09:00,7222.22216796875
2015-06-30 00:00:00+09:00,7236.111328125
2015-07-01 00:00:00+09:00,7597.22216796875
2015-07-02 00:00:00+09:00,7652.77783203125
2015-07-03 00:00:00+09:00,7722.22216796875
2015-07-06 00:00:00+09:00,7388.888671875
2015-07-07 00:00:00+09:00,6125.0
2015-07-08 00:00:00+09:00,6180.5556640625
2015-07-09 00:00:00+09:00,6430.5556640625
2015-07-10 00:00:00+09:00,6444.4443359375
2015-07-13 00:00:00+09:00,6638.888671875
2015-07-14 00:00:00+09:00,7041.66650390625
2015-07-15 00:00:00+09:00,7222.22216796875
2015-07-16 00:00:00+09:00,7263.888671875
2015-07-17 00:00:00+09:00,7152.77783203125
2015-07-20 00:00:00+09:00,7638.888671875
2015-07-21 00:00:00+09:00,8305.5556640625
2015-07-22 00:00:00+09:00,7819.4443359375
2015-07-23 00:00:00+09:00,7722.22216796875
2015-07-24 00:00:00+09:00,7791.66650390625
2015-07-27 00:00:00+09:00,7361.111328125
2015-07-28 00:00:00+09:00,7486.111328125
2015-07-29 00:00:00+09:00,6777.77783203125
2015-07-30 00:00:00+09:00,6284.72216796875
2015-07-31 00:00:00+09:00,6520.83349609375
2015-08-03 00:00:00+09:00,6152.77783203125
2015-08-04 00:00:00+09:00,6027.77783203125
2015-08-05 00:00:00+09:00,6048.611328125
2015-08-06 00:00:00+09:00,6381.9443359375
2015-08-07 00:00:00+09:00,6250.0
2015-08-10 00:00:00+09:00,6097.22216796875
2015-08-11 00:00:00+09:00,5763.888671875
2015-08-12 00:00:00+09:00,5277.77783203125
2015-08-13 00:00:00+09:00,5527.77783203125
2015-08-17 00:00:00+09:00,5333.33349609375
2015-08-18 00:00:00+09:00,4881.9443359375
2015-08-19 00:00:00+09:00,4888.888671875
2015-08-20 00:00:00+09:00,4583.33349609375
2015-08-21 00:00:00+09:00,4222.22216796875
2015-08-24 00:00:00+09:00,3847.22216796875
2015-08-25 00:00:00+09:00,4097.22216796875
2015-08-26 00:00:00+09:00,4555.5556640625
2015-08-27 00:00:00+09:00,4590.27783203125
2015-08-28 00:00:00+09:00,4631.9443359375
2015-08-31 00:00:00+09:00,4541.66650390625
2015-09-01 00:00:00+09:00,4458.33349609375
2015-09-02 00:00:00+09:00,4416.66650390625
2015-09-03 00:00:00+09:00,4500.0
2015-09-04 00:00:00+09:00,4333.33349609375
2015-09-07 00:00:00+09:00,4125.0
2015-09-08 00:00:00+09:00,3972.22216796875
2015-09-09 00:00:00+09:00,4333.33349609375
2015-09-10 00:00:00+09:00,4347.22216796875
2015-09-11 00:00:00+09:00,4395.83349609375
2015-09-14 00:00:00+09:00,4166.66650390625
2015-09-15 00:00:00+09:00,4222.22216796875
2015-09-16 00:00:00+09:00,4402.77783203125
2015-09-17 00:00:00+09:00,4236.111328125
2015-09-18 00:00:00+09:00,4618.0556640625
2015-09-21 00:00:00+09:00,4618.0556640625
2015-09-22 00:00:00+09:00,4590.27783203125
2015-09-23 00:00:00+09:00,4520.83349609375
2015-09-24 00:00:00+09:00,4513.888671875
2015-09-25 00:00:00+09:00,4437.5
2015-09-30 00:00:00+09:00,4125.0
2015-10-01 00:00:00+09:00,4145.83349609375
2015-10-02 00:00:00+09:00,4138.888671875
2015-10-05 00:00:00+09:00,4131.9443359375
2015-10-06 00:00:00+09:00,4055.5556640625
2015-10-07 00:00:00+09:00,3958.333251953125
2015-10-08 00:00:00+09:00,3979.166748046875
2015-10-12 00:00:00+09:00,4152.77783203125
2015-10-13 00:00:00+09:00,4000.0
2015-10-14 00:00:00+09:00,3777.77783203125
2015-10-15 00:00:00+09:00,3868.0556640625
2015-10-16 00:00:00+09:00,3930.5556640625
2015-10-19 00:00:00+09:00,4006.9443359375
2015-10-20 00:00:00+09:00,4062.5
2015-10-21 00:00:00+09:00,4048.611083984375
2015-10-22 00:00:00+09:00,4055.5556640625
2015-10-23 00:00:00+09:00,3979.166748046875
2015-10-26 00:00:00+09:00,3881.9443359375
2015-10-27 00:00:00+09:00,3729.166748046875
2015-10-28 00:00:00+09:00,3923.611083984375
2015-10-29 00:00:00+09:00,3805.5556640625
2015-10-30 00:00:00+09:00,3708.333251953125
2015-11-02 00:00:00+09:00,3743.0556640625
2015-11-03 00:00:00+09:00,3763.888916015625
2015-11-04 00:00:00+09:00,3902.77783203125
2015-11-05 00:00:00+09:00,4125.0
2015-11-06 00:00:00+09:00,4486.111328125
2015-11-09 00:00:00+09:00,4215.27783203125
2015-11-10 00:00:00+09:00,4368.0556640625
2015-11-11 00:00:00+09:00,4750.0
2015-11-12 00:00:00+09:00,5041.66650390625
2015-11-13 00:00:00+09:00,5013.888671875
2015-11-16 00:00:00+09:00,4708.33349609375
2015-11-17 00:00:00+09:00,4888.888671875
2015-11-18 00:00:00+09:00,4986.111328125
2015-11-19 00:00:00+09:00,4923.611328125
2015-11-20 00:00:00+09:00,4743.0556640625
2015-11-23 00:00:00+09:00,4687.5
2015-11-24 00:00:00+09:00,4750.0
2015-11-25 00:00:00+09:00,4597.22216796875
2015-11-26 00:00:00+09:00,4756.9443359375
2015-11-27 00:00:00+09:00,4687.5
2015-11-30 00:00:00+09:00,4722.22216796875
2015-12-01 00:00:00+09:00,4909.72216796875
2015-12-02 00:00:00+09:00,5666.66650390625
2015-12-03 00:00:00+09:00,5555.5556640625
2015-12-04 00:00:00+09:00,5715.27783203125
2015-12-07 00:00:00+09:00,5715.27783203125
2015-12-08 00:00:00+09:00,5493.0556640625
2015-12-09 00:00:00+09:00,5263.888671875
2015-12-10 00:00:00+09:00,4861.111328125
2015-12-11 00:00:00+09:00,4743.0556640625
2015-12-14 00:00:00+09:00,4625.0
2015-12-15 00:00:00+09:00,4902.77783203125
2015-12-16 00:00:00+09:00,5166.66650390625
2015-12-17 00:00:00+09:00,5229.16650390625
2015-12-18 00:00:00+09:00,5375.0
2015-12-21 00:00:00+09:00,5326.388671875
2015-12-22 00:00:00+09:00,5166.66650390625
2015-12-23 00:00:00+09:00,4965.27783203125
2015-12-24 00:00:00+09:00,4986.111328125
2015-12-28 00:00:00+09:00,4965.27783203125
2015-12-29 00:00:00+09:00,5298.611328125
2015-12-30 00:00:00+09:00,5513.888671875
2016-01-04 00:00:00+09:00,5708.33349609375
2016-01-05 00:00:00+09:00,5923.611328125
2016-01-06 00:00:00+09:00,6305.5556640625
2016-01-07 00:00:00+09:00,6708.33349609375
2016-01-08 00:00:00+09:00,6708.33349609375
2016-01-11 00:00:00+09:00,6597.22216796875
2016-01-12 00:00:00+09:00,6284.72216796875
2016-01-13 00:00:00+09:00,6381.9443359375
2016-01-14 00:00:00+09:00,6069.4443359375
2016-01-15 00:00:00+09:00,6097.22216796875
2016-01-18 00:00:00+09:00,6125.0
2016-01-19 00:00:00+09:00,6388.888671875
2016-01-20 00:00:00+09:00,6222.22216796875
2016-01-21 00:00:00+09:00,6180.5556640625
2016-01-22 00:00:00+09:00,6041.66650390625
2016-01-25 00:00:00+09:00,6069.4443359375
2016-01-26 00:00:00+09:00,6291.66650390625
2016-01-27 00:00:00+09:00,6111.111328125
2016-01-28 00:00:00+09:00,5875.0
2016-01-29 00:00:00+09:00,5715.27783203125
2016-02-01 00:00:00+09:00,5750.0
2016-02-02 00:00:00+09:00,5756.9443359375
2016-02-03 00:00:00+09:00,5527.77783203125
2016-02-04 00:00:00+09:00,5465.27783203125
2016-02-05 00:00:00+09:00,5145.83349609375
2016-02-11 00:00:00+09:00,4895.83349609375
2016-02-12 00:00:00+09:00,4416.66650390625
2016-02-15 00:00:00+09:00,4625.0
2016-02-16 00:00:00+09:00,4506.9443359375
2016-02-17 00:00:00+09:00,4236.111328125
2016-02-18 00:00:00+09:00,4444.4443359375
2016-02-19 00:00:00+09:00,4388.888671875
2016-02-22 00:00:00+09:00,4583.33349609375
2016-02-23 00:00:00+09:00,4437.5
2016-02-24 00:00:00+09:00,4368.0556640625
2016-02-25 00:00:00+09:00,4458.33349609375
2016-02-26 00:00:00+09:00,4458.33349609375
2016-02-29 00:00:00+09:00,4527.77783203125
2016-03-02 00:00:00+09:00,4645.83349609375
2016-03-03 00:00:00+09:00,5097.22216796875
2016-03-04 00:00:00+09:00,5034.72216796875
2016-03-07 00:00:00+09:00,4958.33349609375
2016-03-08 00:00:00+09:00,4791.66650390625
2016-03-09 00:00:00+09:00,4902.77783203125
2016-03-10 00:00:00+09:00,5125.0
2016-03-11 00:00:00+09:00,5013.888671875
2016-03-14 00:00:00+09:00,5013.888671875
2016-03-15 00:00:00+09:00,5062.5
2016-03-16 00:00:00+09:00,4861.111328125
2016-03-17 00:00:00+09:00,4763.888671875
2016-03-18 00:00:00+09:00,4902.77783203125
2016-03-21 00:00:00+09:00,4875.0
2016-03-22 00:00:00+09:00,4743.0556640625
2016-03-23 00:00:00+09:00,4513.888671875
2016-03-24 00:00:00+09:00,4500.0
2016-03-25 00:00:00+09:00,4541.66650390625
2016-03-28 00:00:00+09:00,4576.388671875
2016-03-29 00:00:00+09:00,4659.72216796875
2016-03-30 00:00:00+09:00,4812.5
2016-03-31 00:00:00+09:00,5152.77783203125
2016-04-01 00:00:00+09:00,5277.77783203125
2016-04-04 00:00:00+09:00,5333.33349609375
2016-04-05 00:00:00+09:00,5416.66650390625
2016-04-06 00:00:00+09:00,5291.66650390625
2016-04-07 00:00:00+09:00,5152.77783203125
2016-04-08 00:00:00+09:00,5416.66650390625
2016-04-11 00:00:00+09:00,5395.83349609375
2016-04-12 00:00:00+09:00,5416.66650390625
2016-04-14 00:00:00+09:00,5250.0
2016-04-15 00:00:00+09:00,5138.888671875
2016-04-18 00:00:00+09:00,5173.611328125
2016-04-19 00:00:00+09:00,5402.77783203125
2016-04-20 00:00:00+09:00,5333.33349609375
2016-04-21 00:00:00+09:00,5423.611328125
2016-04-22 00:00:00+09:00,5555.5556640625
2016-04-25 00:00:00+09:00,5347.22216796875
2016-04-26 00:00:00+09:00,5361.111328125
2016-04-27 00:00:00+09:00,5236.111328125
2016-04-28 00:00:00+09:00,5277.77783203125
2016-04-29 00:00:00+09:00,5215.27783203125
2016-05-02 00:00:00+09:00,4986.111328125
2016-05-03 00:00:00+09:00,5020.83349609375
2016-05-04 00:00:00+09:00,4902.77783203125
2016-05-09 00:00:00+09:00,4756.9443359375
2016-05-10 00:00:00+09:00,4972.22216796875
2016-05-11 00:00:00+09:00,4972.22216796875
2016-05-12 00:00:00+09:00,4888.888671875
2016-05-13 00:00:00+09:00,4909.72216796875
2016-05-16 00:00:00+09:00,4861.111328125
2016-05-17 00:00:00+09:00,4902.77783203125
2016-05-18 00:00:00+09:00,4743.0556640625
2016-05-19 00:00:00+09:00,4680.5556640625
2016-05-20 00:00:00+09:00,4750.0
2016-05-23 00:00:00+09:00,4958.33349609375
2016-05-24 00:00:00+09:00,5034.72216796875
2016-05-25 00:00:00+09:00,4993.0556640625
2016-05-26 00:00:00+09:00,4861.111328125
2016-05-27 00:00:00+09:00,4909.72216796875
2016-05-30 00:00:00+09:00,4756.9443359375
2016-05-31 00:00:00+09:00,4909.72216796875
2016-06-01 00:00:00+09:00,4979.16650390625
2016-06-02 00:00:00+09:00,5069.4443359375
2016-06-03 00:00:00+09:00,5208.33349609375
2016-06-07 00:00:00+09:00,5388.888671875
2016-06-08 00:00:00+09:00,5388.888671875
2016-06-09 00:00:00+09:00,5506.9443359375
2016-06-10 00:00:00+09:00,5451.388671875
2016-06-13 00:00:00+09:00,5250.0
2016-06-14 00:00:00+09:00,5527.77783203125
2016-06-15 00:00:00+09:00,5493.0556640625
2016-06-16 00:00:00+09:00,5236.111328125
2016-06-17 00:00:00+09:00,5673.611328125
2016-06-20 00:00:00+09:00,5750.0
2016-06-21 00:00:00+09:00,5597.22216796875
2016-06-22 00:00:00+09:00,5472.22216796875
2016-06-23 00:00:00+09:00,5437.5
2016-06-24 00:00:00+09:00,4944.4443359375
2016-06-27 00:00:00+09:00,4986.111328125
2016-06-28 00:00:00+09:00,5180.5556640625
2016-06-29 00:00:00+09:00,5291.66650390625
2016-06-30 00:00:00+09:00,6097.22216796875
2016-07-01 00:00:00+09:00,6055.5556640625
2016-07-04 00:00:00+09:00,6083.33349609375
2016-07-05 00:00:00+09:00,6229.16650390625
2016-07-06 00:00:00+09:00,6354.16650390625
2016-07-07 00:00:00+09:00,6368.0556640625
2016-07-08 00:00:00+09:00,6041.66650390625
2016-07-11 00:00:00+09:00,6277.77783203125
2016-07-12 00:00:00+09:00,6875.0
2016-07-13 00:00:00+09:00,6763.888671875
2016-07-14 00:00:00+09:00,6777.77783203125
2016-07-15 00:00:00+09:00,6527.77783203125
2016-07-18 00:00:00+09:00,6527.77783203125
2016-07-19 00:00:00+09:00,6326.388671875
2016-07-20 00:00:00+09:00,6479.16650390625
2016-07-21 00:00:00+09:00,6604.16650390625
2016-07-22 00:00:00+09:00,6513.888671875
2016-07-25 00:00:00+09:00,6506.9443359375
2016-07-26 00:00:00+09:00,6368.0556640625
2016-07-27 00:00:00+09:00,6048.611328125
2016-07-28 00:00:00+09:00,6048.611328125
2016-07-29 00:00:00+09:00,6361.111328125
2016-08-01 00:00:00+09:00,6250.0
2016-08-02 00:00:00+09:00,6104.16650390625
2016-08-03 00:00:00+09:00,6090.27783203125
2016-08-04 00:00:00+09:00,6291.66650390625
2016-08-05 00:00:00+09:00,6229.16650390625
2016-08-08 00:00:00+09:00,6291.66650390625
2016-08-09 00:00:00+09:00,6527.77783203125
2016-08-10 00:00:00+09:00,6652.77783203125
2016-08-11 00:00:00+09:00,6645.83349609375
2016-08-12 00:00:00+09:00,6548.611328125
2016-08-16 00:00:00+09:00,6416.66650390625
2016-08-17 00:00:00+09:00,6201.388671875
2016-08-18 00:00:00+09:00,6201.388671875
2016-08-19 00:00:00+09:00,6270.83349609375
2016-08-22 00:00:00+09:00,6062.5
2016-08-23 00:00:00+09:00,6208.33349609375
2016-08-24 00:00:00+09:00,6062.5
2016-08-25 00:00:00+09:00,5791.66650390625
2016-08-26 00:00:00+09:00,5833.33349609375
2016-08-29 00:00:00+09:00,5416.66650390625
2016-08-30 00:00:00+09:00,5520.83349609375
2016-08-31 00:00:00+09:00,5486.111328125
2016-09-01 00:00:00+09:00,5604.16650390625
2016-09-02 00:00:00+09:00,5576.388671875
2016-09-05 00:00:00+09:00,5555.5556640625
2016-09-06 00:00:00+09:00,5631.9443359375
2016-09-07 00:00:00+09:00,5631.9443359375
2016-09-08 00:00:00+09:00,5659.72216796875
2016-09-09 00:00:00+09:00,5909.72216796875
2016-09-12 00:00:00+09:00,5854.16650390625
2016-09-13 00:00:00+09:00,5875.0
2016-09-19 00:00:00+09:00,5777.77783203125
2016-09-20 00:00:00+09:00,5770.83349609375
2016-09-21 00:00:00+09:00,5680.5556640625
2016-09-22 00:00:00+09:00,5756.9443359375
2016-09-23 00:00:00+09:00,5902.77783203125
2016-09-26 00:00:00+09:00,5750.0
2016-09-27 00:00:00+09:00,5673.611328125
2016-09-28 00:00:00+09:00,5833.33349609375
2016-09-29 00:00:00+09:00,5930.5556640625
2016-09-30 00:00:00+09:00,5798.611328125
2016-10-04 00:00:00+09:00,5534.72216796875
2016-10-05 00:00:00+09:00,5326.388671875
2016-10-06 00:00:00+09:00,5333.33349609375
2016-10-07 00:00:00+09:00,5097.22216796875
2016-10-10 00:00:00+09:00,5152.77783203125
2016-10-11 00:00:00+09:00,5236.111328125
2016-10-12 00:00:00+09:00,5194.4443359375
2016-10-13 00:00:00+09:00,4958.33349609375
2016-10-14 00:00:00+09:00,4951.388671875
2016-10-17 00:00:00+09:00,4798.611328125
2016-10-18 00:00:00+09:00,4861.111328125
2016-10-19 00:00:00+09:00,4979.16650390625
2016-10-20 00:00:00+09:00,4930.5556640625
2016-10-21 00:00:00+09:00,5090.27783203125
2016-10-24 00:00:00+09:00,4972.22216796875
2016-10-25 00:00:00+09:00,4722.22216796875
2016-10-26 00:00:00+09:00,4645.83349609375
2016-10-27 00:00:00+09:00,4847.22216796875
2016-10-28 00:00:00+09:00,4576.388671875
2016-10-31 00:00:00+09:00,4201.388671875
2016-11-01 00:00:00+09:00,4201.388671875
2016-11-02 00:00:00+09:00,4013.888916015625
2016-11-03 00:00:00+09:00,4097.22216796875
2016-11-04 00:00:00+09:00,4180.5556640625
2016-11-07 00:00:00+09:00,4194.4443359375
2016-11-08 00:00:00+09:00,4409.72216796875
2016-11-09 00:00:00+09:00,4166.66650390625
2016-11-10 00:00:00+09:00,4416.66650390625
2016-11-11 00:00:00+09:00,4541.66650390625
2016-11-14 00:00:00+09:00,4506.9443359375
2016-11-15 00:00:00+09:00,4361.111328125
2016-11-16 00:00:00+09:00,4416.66650390625
2016-11-17 00:00:00+09:00,4347.22216796875
2016-11-18 00:00:00+09:00,4319.4443359375
2016-11-21 00:00:00+09:00,4194.4443359375
2016-11-22 00:00:00+09:00,4187.5
2016-11-23 00:00:00+09:00,4055.5556640625
2016-11-24 00:00:00+09:00,3979.166748046875
2016-11-25 00:00:00+09:00,4125.0
2016-11-28 00:00:00+09:00,4118.0556640625
2016-11-29 00:00:00+09:00,4097.22216796875
2016-11-30 00:00:00+09:00,4229.16650390625
2016-12-01 00:00:00+09:00,4187.5
2016-12-02 00:00:00+09:00,4125.0
2016-12-05 00:00:00+09:00,3902.77783203125
2016-12-06 00:00:00+09:00,3902.77783203125
2016-12-07 00:00:00+09:00,3798.611083984375
2016-12-08 00:00:00+09:00,3715.27783203125
2016-12-09 00:00:00+09:00,3861.111083984375
2016-12-12 00:00:00+09:00,4041.666748046875
2016-12-13 00:00:00+09:00,4125.0
2016-12-14 00:00:00+09:00,4173.611328125
2016-12-15 00:00:00+09:00,4097.22216796875
2016-12-16 00:00:00+09:00,4083.333251953125
2016-12-19 00:00:00+09:00,4020.833251953125
2016-12-20 00:00:00+09:00,4069.4443359375
2016-12-21 00:00:00+09:00,4048.611083984375
2016-12-22 00:00:00+09:00,4055.5556640625
2016-12-23 00:00:00+09:00,4187.5
2016-12-26 00:00:00+09:00,4166.66650390625
2016-12-27 00:00:00+09:00,4166.66650390625
2016-12-28 00:00:00+09:00,4423.611328125
2016-12-29 00:00:00+09:00,4548.611328125
2017-01-02 00:00:00+09:00,4486.111328125
2017-01-03 00:00:00+09:00,4597.22216796875
2017-01-04 00:00:00+09:00,4576.388671875
2017-01-05 00:00:00+09:00,4569.4443359375
2017-01-06 00:00:00+09:00,4472.22216796875
2017-01-09 00:00:00+09:00,4479.16650390625
2017-01-10 00:00:00+09:00,4395.83349609375
2017-01-11 00:00:00+09:00,4381.9443359375
2017-01-12 00:00:00+09:00,4388.888671875
2017-01-13 00:00:00+09:00,4458.33349609375
2017-01-16 00:00:00+09:00,4416.66650390625
2017-01-17 00:00:00+09:00,4305.5556640625
2017-01-18 00:00:00+09:00,4305.5556640625
2017-01-19 00:00:00+09:00,4284.72216796875
2017-01-20 00:00:00+09:00,4152.77783203125
2017-01-23 00:00:00+09:00,4027.77783203125
2017-01-24 00:00:00+09:00,4020.833251953125
2017-01-25 00:00:00+09:00,4000.0
2017-01-26 00:00:00+09:00,3944.4443359375
2017-01-31 00:00:00+09:00,3902.77783203125
2017-02-01 00:00:00+09:00,3965.27783203125
2017-02-02 00:00:00+09:00,3930.5556640625
2017-02-03 00:00:00+09:00,4000.0
2017-02-06 00:00:00+09:00,4013.888916015625
2017-02-07 00:00:00+09:00,4166.66650390625
2017-02-08 00:00:00+09:00,4125.0
2017-02-09 00:00:00+09:00,4097.22216796875
2017-02-10 00:00:00+09:00,4090.27783203125
2017-02-13 00:00:00+09:00,3986.111083984375
2017-02-14 00:00:00+09:00,4000.0
2017-02-15 00:00:00+09:00,4138.888671875
2017-02-16 00:00:00+09:00,4138.888671875
2017-02-17 00:00:00+09:00,4118.0556640625
2017-02-20 00:00:00+09:00,4104.16650390625
2017-02-21 00:00:00+09:00,4104.16650390625
2017-02-22 00:00:00+09:00,4138.888671875
2017-02-23 00:00:00+09:00,4111.111328125
2017-02-24 00:00:00+09:00,4083.333251953125
2017-02-27 00:00:00+09:00,3979.166748046875
2017-02-28 00:00:00+09:00,4000.0
2017-03-02 00:00:00+09:00,3972.22216796875
2017-03-03 00:00:00+09:00,3930.5556640625
2017-03-06 00:00:00+09:00,3916.666748046875
2017-03-07 00:00:00+09:00,3888.888916015625
2017-03-08 00:00:00+09:00,3847.22216796875
2017-03-09 00:00:00+09:00,3875.0
2017-03-10 00:00:00+09:00,3854.166748046875
2017-03-13 00:00:00+09:00,3868.0556640625
2017-03-14 00:00:00+09:00,3875.0
2017-03-15 00:00:00+09:00,3847.22216796875
2017-03-16 00:00:00+09:00,3847.22216796875
2017-03-17 00:00:00+09:00,3791.666748046875
2017-03-20 00:00:00+09:00,3777.77783203125
2017-03-21 00:00:00+09:00,3805.5556640625
2017-03-22 00:00:00+09:00,3909.72216796875
2017-03-23 00:00:00+09:00,3854.166748046875
2017-03-24 00:00:00+09:00,4027.77783203125
2017-03-27 00:00:00+09:00,4069.4443359375
2017-03-28 00:00:00+09:00,4138.888671875
2017-03-29 00:00:00+09:00,4145.83349609375
2017-03-30 00:00:00+09:00,4027.77783203125
2017-03-31 00:00:00+09:00,4076.388916015625
2017-04-03 00:00:00+09:00,4166.66650390625
2017-04-04 00:00:00+09:00,4118.0556640625
2017-04-05 00:00:00+09:00,4125.0
2017-04-06 00:00:00+09:00,4055.5556640625
2017-04-07 00:00:00+09:00,4069.4443359375
2017-04-10 00:00:00+09:00,3875.0
2017-04-11 00:00:00+09:00,3868.0556640625
2017-04-12 00:00:00+09:00,3819.4443359375
2017-04-13 00:00:00+09:00,3812.5
2017-04-14 00:00:00+09:00,3819.4443359375
2017-04-17 00:00:00+09:00,3930.5556640625
2017-04-18 00:00:00+09:00,3944.4443359375
2017-04-19 00:00:00+09:00,3951.388916015625
2017-04-20 00:00:00+09:00,3944.4443359375
2017-04-21 00:00:00+09:00,3979.166748046875
2017-04-24 00:00:00+09:00,3854.166748046875
2017-04-25 00:00:00+09:00,3875.0
2017-04-26 00:00:00+09:00,3875.0
2017-04-27 00:00:00+09:00,3875.0
2017-04-28 00:00:00+09:00,3833.333251953125
2017-05-02 00:00:00+09:00,3840.27783203125
2017-05-04 00:00:00+09:00,3881.9443359375
2017-05-08 00:00:00+09:00,3979.166748046875
2017-05-10 00:00:00+09:00,3979.166748046875
2017-05-11 00:00:00+09:00,3972.22216796875
2017-05-12 00:00:00+09:00,3909.72216796875
2017-05-15 00:00:00+09:00,3881.9443359375
2017-05-16 00:00:00+09:00,3833.333251953125
2017-05-17 00:00:00+09:00,3833.333251953125
2017-05-18 00:00:00+09:00,3763.888916015625
2017-05-19 00:00:00+09:00,3812.5
2017-05-22 00:00:00+09:00,3798.611083984375
2017-05-23 00:00:00+09:00,3833.333251953125
2017-05-24 00:00:00+09:00,3937.5
2017-05-25 00:00:00+09:00,3937.5
2017-05-26 00:00:00+09:00,3951.388916015625
2017-05-29 00:00:00+09:00,3881.9443359375
2017-05-30 00:00:00+09:00,3944.4443359375
2017-05-31 00:00:00+09:00,4180.5556640625
2017-06-01 00:00:00+09:00,4166.66650390625
2017-06-02 00:00:00+09:00,4166.66650390625
2017-06-05 00:00:00+09:00,4263.888671875
2017-06-07 00:00:00+09:00,4180.5556640625
2017-06-08 00:00:00+09:00,4194.4443359375
2017-06-09 00:00:00+09:00,4222.22216796875
2017-06-12 00:00:00+09:00,4194.4443359375
2017-06-13 00:00:00+09:00,4291.66650390625
2017-06-14 00:00:00+09:00,4347.22216796875
2017-06-15 00:00:00+09:00,4305.5556640625
2017-06-16 00:00:00+09:00,4375.0
2017-06-19 00:00:00+09:00,4569.4443359375
2017-06-20 00:00:00+09:00,4500.0
2017-06-21 00:00:00+09:00,4402.77783203125
2017-06-22 00:00:00+09:00,4298.611328125
2017-06-23 00:00:00+09:00,4298.611328125
2017-06-26 00:00:00+09:00,4180.5556640625
2017-06-27 00:00:00+09:00,4152.77783203125
2017-06-28 00:00:00+09:00,4062.5
2017-06-29 00:00:00+09:00,4138.888671875
2017-06-30 00:00:00+09:00,4097.22216796875
2017-07-03 00:00:00+09:00,3972.22216796875
2017-07-04 00:00:00+09:00,3930.5556640625
2017-07-05 00:00:00+09:00,3993.0556640625
2017-07-06 00:00:00+09:00,4069.4443359375
2017-07-07 00:00:00+09:00,4152.77783203125
2017-07-10 00:00:00+09:00,4055.5556640625
2017-07-11 00:00:00+09:00,4041.666748046875
2017-07-12 00:00:00+09:00,4125.0
2017-07-13 00:00:00+09:00,4048.611083984375
2017-07-14 00:00:00+09:00,3979.166748046875
2017-07-17 00:00:00+09:00,3958.333251953125
2017-07-18 00:00:00+09:00,3986.111083984375
2017-07-19 00:00:00+09:00,3972.22216796875
2017-07-20 00:00:00+09:00,3979.166748046875
2017-07-21 00:00:00+09:00,3979.166748046875
2017-07-24 00:00:00+09:00,3965.27783203125
2017-07-25 00:00:00+09:00,3923.611083984375
2017-07-26 00:00:00+09:00,3902.77783203125
2017-07-27 00:00:00+09:00,3868.0556640625
2017-07-28 00:00:00+09:00,3826.388916015625
2017-07-31 00:00:00+09:00,3770.833251953125
2017-08-01 00:00:00+09:00,3826.388916015625
2017-08-02 00:00:00+09:00,3916.666748046875
2017-08-03 00:00:00+09:00,3902.77783203125
2017-08-04 00:00:00+09:00,3895.833251953125
2017-08-07 00:00:00+09:00,3944.4443359375
2017-08-08 00:00:00+09:00,3972.22216796875
2017-08-09 00:00:00+09:00,3888.888916015625
2017-08-10 00:00:00+09:00,3833.333251953125
2017-08-11 00:00:00+09:00,3687.5
2017-08-14 00:00:00+09:00,3722.22216796875
2017-08-16 00:00:00+09:00,3729.166748046875
2017-08-17 00:00:00+09:00,3805.5556640625
2017-08-18 00:00:00+09:00,3944.4443359375
2017-08-21 00:00:00+09:00,3979.166748046875
2017-08-22 00:00:00+09:00,4000.0
2017-08-23 00:00:00+09:00,4000.0
2017-08-24 00:00:00+09:00,4020.833251953125
2017-08-25 00:00:00+09:00,4062.5
2017-08-28 00:00:00+09:00,4152.77783203125
2017-08-29 00:00:00+09:00,4097.22216796875
2017-08-30 00:00:00+09:00,4125.0
2017-08-31 00:00:00+09:00,4159.72216796875
2017-09-01 00:00:00+09:00,4187.5
2017-09-04 00:00:00+09:00,4076.388916015625
2017-09-05 00:00:00+09:00,4034.72216796875
2017-09-06 00:00:00+09:00,4034.72216796875
2017-09-07 00:00:00+09:00,4034.72216796875
2017-09-08 00:00:00+09:00,4020.833251953125
2017-09-11 00:00:00+09:00,4000.0
2017-09-12 00:00:00+09:00,4097.22216796875
2017-09-13 00:00:00+09:00,4111.111328125
2017-09-14 00:00:00+09:00,4097.22216796875
2017-09-15 00:00:00+09:00,4326.388671875
2017-09-18 00:00:00+09:00,4201.388671875
2017-09-19 00:00:00+09:00,4173.611328125
2017-09-20 00:00:00+09:00,4152.77783203125
2017-09-21 00:00:00+09:00,4041.666748046875
2017-09-25 00:00:00+09:00,3881.9443359375
2017-09-26 00:00:00+09:00,3993.0556640625
2017-09-27 00:00:00+09:00,3930.5556640625
2017-09-28 00:00:00+09:00,3944.4443359375
2017-09-29 00:00:00+09:00,3979.166748046875
2017-10-10 00:00:00+09:00,3958.333251953125
2017-10-11 00:00:00+09:00,4000.0
2017-10-12 00:00:00+09:00,3986.111083984375
2017-10-13 00:00:00+09:00,4138.888671875
2017-10-16 00:00:00+09:00,4062.5
2017-10-17 00:00:00+09:00,4236.111328125
2017-10-18 00:00:00+09:00,4451.388671875
2017-10-19 00:00:00+09:00,4305.5556640625
2017-10-20 00:00:00+09:00,4402.77783203125
2017-10-23 00:00:00+09:00,4548.611328125
2017-10-24 00:00:00+09:00,4569.4443359375
2017-10-25 00:00:00+09:00,4472.22216796875
2017-10-26 00:00:00+09:00,4423.611328125
2017-10-27 00:00:00+09:00,4423.611328125
2017-10-30 00:00:00+09:00,4770.83349609375
2017-10-31 00:00:00+09:00,4763.888671875
2017-11-01 00:00:00+09:00,4847.22216796875
2017-11-02 00:00:00+09:00,4791.66650390625
2017-11-03 00:00:00+09:00,4819.4443359375
2017-11-06 00:00:00+09:00,4791.66650390625
2017-11-07 00:00:00+09:00,4909.72216796875
2017-11-08 00:00:00+09:00,5000.0
2017-11-09 00:00:00+09:00,4902.77783203125
2017-11-10 00:00:00+09:00,4763.888671875
2017-11-13 00:00:00+09:00,4930.5556640625
2017-11-14 00:00:00+09:00,5250.0
2017-11-15 00:00:00+09:00,5354.16650390625
2017-11-16 00:00:00+09:00,5520.83349609375
2017-11-17 00:00:00+09:00,5611.111328125
2017-11-20 00:00:00+09:00,5486.111328125
2017-11-21 00:00:00+09:00,5673.611328125
2017-11-22 00:00:00+09:00,5416.66650390625
2017-11-23 00:00:00+09:00,6013.888671875
2017-11-24 00:00:00+09:00,6027.77783203125
2017-11-27 00:00:00+09:00,5909.72216796875
2017-11-28 00:00:00+09:00,6041.66650390625
2017-11-29 00:00:00+09:00,5986.111328125
2017-11-30 00:00:00+09:00,5916.66650390625
2017-12-01 00:00:00+09:00,6222.22216796875
2017-12-04 00:00:00+09:00,6597.22216796875
2017-12-05 00:00:00+09:00,6229.16650390625
2017-12-06 00:00:00+09:00,5909.72216796875
2017-12-07 00:00:00+09:00,6069.4443359375
2017-12-08 00:00:00+09:00,6472.22216796875
2017-12-11 00:00:00+09:00,6763.888671875
2017-12-12 00:00:00+09:00,6472.22216796875
2017-12-13 00:00:00+09:00,6652.77783203125
2017-12-14 00:00:00+09:00,6750.0
2017-12-15 00:00:00+09:00,6555.5556640625
2017-12-18 00:00:00+09:00,6277.77783203125
2017-12-19 00:00:00+09:00,6041.66650390625
2017-12-21 00:00:00+09:00,5513.888671875
2017-12-22 00:00:00+09:00,5625.0
2017-12-26 00:00:00+09:00,5611.111328125
2017-12-27 00:00:00+09:00,5916.66650390625
2017-12-28 00:00:00+09:00,6166.66650390625
2018-01-02 00:00:00+09:00,6472.22216796875
2018-01-03 00:00:00+09:00,6611.111328125
2018-01-04 00:00:00+09:00,6388.888671875
2018-01-05 00:00:00+09:00,6625.0
2018-01-08 00:00:00+09:00,6777.77783203125
2018-01-09 00:00:00+09:00,6444.4443359375
2018-01-10 00:00:00+09:00,6291.66650390625
2018-01-11 00:00:00+09:00,6361.111328125
2018-01-12 00:00:00+09:00,6486.111328125
2018-01-15 00:00:00+09:00,6361.111328125
2018-01-16 00:00:00+09:00,6444.4443359375
2018-01-17 00:00:00+09:00,6708.33349609375
2018-01-18 00:00:00+09:00,6902.77783203125
2018-01-19 00:00:00+09:00,7000.0
2018-01-22 00:00:00+09:00,7138.888671875
2018-01-23 00:00:00+09:00,7111.111328125
2018-01-24 00:00:00+09:00,7166.66650390625
2018-01-25 00:00:00+09:00,7027.77783203125
2018-01-26 00:00:00+09:00,6847.22216796875
2018-01-29 00:00:00+09:00,6888.888671875
2018-01-30 00:00:00+09:00,6833.33349609375
2018-01-31 00:00:00+09:00,6555.5556640625
2018-02-01 00:00:00+09:00,6444.4443359375
2018-02-02 00:00:00+09:00,6152.77783203125
2018-02-05 00:00:00+09:00,5680.5556640625
2018-02-06 00:00:00+09:00,5694.4443359375
2018-02-07 00:00:00+09:00,5625.0
2018-02-08 00:00:00+09:00,5736.111328125
2018-02-09 00:00:00+09:00,5319.4443359375
2018-02-12 00:00:00+09:00,5263.888671875
2018-02-13 00:00:00+09:00,5111.111328125
2018-02-14 00:00:00+09:00,5291.66650390625
2018-02-19 00:00:00+09:00,5527.77783203125
2018-02-20 00:00:00+09:00,5486.111328125
2018-02-21 00:00:00+09:00,5638.888671875
2018-02-22 00:00:00+09:00,5541.66650390625
2018-02-23 00:00:00+09:00,5541.66650390625
2018-02-26 00:00:00+09:00,5555.5556640625
2018-02-27 00:00:00+09:00,5500.0
2018-02-28 00:00:00+09:00,5277.77783203125
2018-03-02 00:00:00+09:00,5305.5556640625
2018-03-05 00:00:00+09:00,5277.77783203125
2018-03-06 00:00:00+09:00,5250.0
2018-03-07 00:00:00+09:00,5041.66650390625
2018-03-08 00:00:00+09:00,5500.0
2018-03-09 00:00:00+09:00,5444.4443359375
2018-03-12 00:00:00+09:00,5736.111328125
2018-03-13 00:00:00+09:00,5763.888671875
2018-03-14 00:00:00+09:00,5750.0
2018-03-15 00:00:00+09:00,6013.888671875
2018-03-16 00:00:00+09:00,6055.5556640625
2018-03-19 00:00:00+09:00,5847.22216796875
2018-03-20 00:00:00+09:00,5930.5556640625
2018-03-21 00:00:00+09:00,5930.5556640625
2018-03-22 00:00:00+09:00,5777.77783203125
2018-03-23 00:00:00+09:00,5416.66650390625
2018-03-26 00:00:00+09:00,5541.66650390625
2018-03-27 00:00:00+09:00,6527.77783203125
2018-03-28 00:00:00+09:00,7138.888671875
2018-03-29 00:00:00+09:00,6847.22216796875
2018-03-30 00:00:00+09:00,7027.77783203125
2018-04-02 00:00:00+09:00,6708.33349609375
2018-04-03 00:00:00+09:00,6791.66650390625
2018-04-04 00:00:00+09:00,6666.66650390625
2018-04-05 00:00:00+09:00,7222.22216796875
2018-04-06 00:00:00+09:00,7166.66650390625
2018-04-09 00:00:00+09:00,8736.111328125
2018-04-10 00:00:00+09:00,8861.111328125
2018-04-11 00:00:00+09:00,10375.0
2018-04-12 00:00:00+09:00,9847.22265625
2018-04-13 00:00:00+09:00,10277.77734375
2018-04-16 00:00:00+09:00,11736.111328125
2018-04-17 00:00:00+09:00,11569.4443359375
2018-04-18 00:00:00+09:00,10763.888671875
2018-04-19 00:00:00+09:00,10138.888671875
2018-04-20 00:00:00+09:00,10138.888671875
2018-04-23 00:00:00+09:00,9444.4443359375
2018-04-24 00:00:00+09:00,9305.5556640625
2018-04-25 00:00:00+09:00,9513.888671875
2018-04-26 00:00:00+09:00,11069.4443359375
2018-04-27 00:00:00+09:00,11291.6669921875
2018-04-30 00:00:00+09:00,10902.77734375
2018-05-02 00:00:00+09:00,11111.111328125
2018-05-03 00:00:00+09:00,10305.5556640625
2018-05-04 00:00:00+09:00,9666.6669921875
2018-05-08 00:00:00+09:00,9138.888671875
2018-05-09 00:00:00+09:00,9555.5556640625
2018-05-10 00:00:00+09:00,9416.6669921875
2018-05-11 00:00:00+09:00,9652.77734375
2018-05-14 00:00:00+09:00,9194.4443359375
2018-05-15 00:00:00+09:00,8888.888671875
2018-05-16 00:00:00+09:00,8972.22265625
2018-05-17 00:00:00+09:00,8611.111328125
2018-05-18 00:00:00+09:00,8597.22265625
2018-05-21 00:00:00+09:00,8750.0
2018-05-23 00:00:00+09:00,8500.0
2018-05-24 00:00:00+09:00,9069.4443359375
2018-05-25 00:00:00+09:00,9111.111328125
2018-05-28 00:00:00+09:00,8958.3330078125
2018-05-29 00:00:00+09:00,8722.22265625
2018-05-30 00:00:00+09:00,8541.6669921875
2018-05-31 00:00:00+09:00,8361.111328125
2018-06-01 00:00:00+09:00,8819.4443359375
2018-06-04 00:00:00+09:00,8847.22265625
2018-06-05 00:00:00+09:00,8597.22265625
2018-06-07 00:00:00+09:00,8888.888671875
2018-06-08 00:00:00+09:00,8638.888671875
2018-06-11 00:00:00+09:00,8347.22265625
2018-06-12 00:00:00+09:00,8111.111328125
2018-06-14 00:00:00+09:00,7819.4443359375
2018-06-15 00:00:00+09:00,7958.33349609375
2018-06-18 00:00:00+09:00,7958.33349609375
2018-06-19 00:00:00+09:00,7930.5556640625
2018-06-20 00:00:00+09:00,7986.111328125
2018-06-21 00:00:00+09:00,7666.66650390625
2018-06-22 00:00:00+09:00,7708.33349609375
2018-06-25 00:00:00+09:00,7694.4443359375
2018-06-26 00:00:00+09:00,7652.77783203125
2018-06-27 00:00:00+09:00,7875.0
2018-06-28 00:00:00+09:00,8180.5556640625
2018-06-29 00:00:00+09:00,8583.3330078125
2018-07-02 00:00:00+09:00,8486.111328125
2018-07-03 00:00:00+09:00,8305.5556640625
2018-07-04 00:00:00+09:00,8027.77783203125
2018-07-05 00:00:00+09:00,8055.5556640625
2018-07-06 00:00:00+09:00,8000.0
2018-07-09 00:00:00+09:00,8708.3330078125
2018-07-10 00:00:00+09:00,8555.5556640625
2018-07-11 00:00:00+09:00,8222.22265625
2018-07-12 00:00:00+09:00,8263.888671875
2018-07-13 00:00:00+09:00,8222.22265625
2018-07-16 00:00:00+09:00,8194.4443359375
2018-07-17 00:00:00+09:00,8166.66650390625
2018-07-18 00:00:00+09:00,8055.5556640625
2018-07-19 00:00:00+09:00,7805.5556640625
2018-07-20 00:00:00+09:00,7000.0
2018-07-23 00:00:00+09:00,6333.33349609375
2018-07-24 00:00:00+09:00,6291.66650390625
2018-07-25 00:00:00+09:00,8166.66650390625
2018-07-26 00:00:00+09:00,8236.111328125
2018-07-27 00:00:00+09:00,7861.111328125
2018-07-30 00:00:00+09:00,7958.33349609375
2018-07-31 00:00:00+09:00,8083.33349609375
2018-08-01 00:00:00+09:00,8652.77734375
2018-08-02 00:00:00+09:00,8833.3330078125
2018-08-03 00:00:00+09:00,8611.111328125
2018-08-06 00:00:00+09:00,8263.888671875
2018-08-07 00:00:00+09:00,8333.3330078125
2018-08-08 00:00:00+09:00,7930.5556640625
2018-08-09 00:00:00+09:00,7875.0
2018-08-10 00:00:00+09:00,7444.4443359375
2018-08-13 00:00:00+09:00,6916.66650390625
2018-08-14 00:00:00+09:00,7041.66650390625
2018-08-16 00:00:00+09:00,7083.33349609375
2018-08-17 00:00:00+09:00,7333.33349609375
2018-08-20 00:00:00+09:00,7319.4443359375
2018-08-21 00:00:00+09:00,7763.888671875
2018-08-22 00:00:00+09:00,7750.0
2018-08-23 00:00:00+09:00,7847.22216796875
2018-08-24 00:00:00+09:00,8000.0
2018-08-27 00:00:00+09:00,8375.0
2018-08-28 00:00:00+09:00,8250.0
2018-08-29 00:00:00+09:00,8263.888671875
2018-08-30 00:00:00+09:00,8180.5556640625
2018-08-31 00:00:00+09:00,8444.4443359375
2018-09-03 00:00:00+09:00,8888.888671875
2018-09-04 00:00:00+09:00,9138.888671875
2018-09-05 00:00:00+09:00,8847.22265625
2018-09-06 00:00:00+09:00,9125.0
2018-09-07 00:00:00+09:00,9722.22265625
2018-09-10 00:00:00+09:00,9611.111328125
2018-09-11 00:00:00+09:00,9472.22265625
2018-09-12 00:00:00+09:00,9513.888671875
2018-09-13 00:00:00+09:00,9347.22265625
2018-09-14 00:00:00+09:00,9416.6669921875
2018-09-17 00:00:00+09:00,9416.6669921875
2018-09-18 00:00:00+09:00,10611.111328125
2018-09-19 00:00:00+09:00,10305.5556640625
2018-09-20 00:00:00+09:00,10305.5556640625
2018-09-21 00:00:00+09:00,10555.5556640625
2018-09-27 00:00:00+09:00,10708.3330078125
2018-09-28 00:00:00+09:00,10694.4443359375
2018-10-01 00:00:00+09:00,10097.22265625
2018-10-02 00:00:00+09:00,9319.4443359375
2018-10-04 00:00:00+09:00,9750.0
2018-10-05 00:00:00+09:00,9319.4443359375
2018-10-08 00:00:00+09:00,9000.0
2018-10-10 00:00:00+09:00,8736.111328125
2018-10-11 00:00:00+09:00,8250.0
2018-10-12 00:00:00+09:00,8777.77734375
2018-10-15 00:00:00+09:00,8625.0
2018-10-16 00:00:00+09:00,8791.6669921875
2018-10-17 00:00:00+09:00,8736.111328125
2018-10-18 00:00:00+09:00,8861.111328125
2018-10-19 00:00:00+09:00,9125.0
2018-10-22 00:00:00+09:00,9263.888671875
2018-10-23 00:00:00+09:00,8819.4443359375
2018-10-24 00:00:00+09:00,8500.0
2018-10-25 00:00:00+09:00,8277.77734375
2018-10-26 00:00:00+09:00,7652.77783203125
2018-10-29 00:00:00+09:00,7291.66650390625
2018-10-30 00:00:00+09:00,7652.77783203125
2018-10-31 00:00:00+09:00,7652.77783203125
2018-11-01 00:00:00+09:00,7875.0
2018-11-02 00:00:00+09:00,8263.888671875
2018-11-05 00:00:00+09:00,8694.4443359375
2018-11-06 00:00:00+09:00,9000.0
2018-11-07 00:00:00+09:00,8750.0
2018-11-08 00:00:00+09:00,8930.5556640625
2018-11-09 00:00:00+09:00,8972.22265625
2018-11-12 00:00:00+09:00,8458.3330078125
2018-11-13 00:00:00+09:00,8486.111328125
2018-11-14 00:00:00+09:00,8319.4443359375
2018-11-15 00:00:00+09:00,8180.5556640625
2018-11-16 00:00:00+09:00,8472.22265625
2018-11-19 00:00:00+09:00,8722.22265625
2018-11-20 00:00:00+09:00,8555.5556640625
2018-11-21 00:00:00+09:00,8444.4443359375
2018-11-22 00:00:00+09:00,8430.5556640625
2018-11-23 00:00:00+09:00,8250.0
2018-11-26 00:00:00+09:00,8291.6669921875
2018-11-27 00:00:00+09:00,8388.888671875
2018-11-28 00:00:00+09:00,8361.111328125
2018-11-29 00:00:00+09:00,8277.77734375
2018-11-30 00:00:00+09:00,8263.888671875
2018-12-03 00:00:00+09:00,8291.6669921875
2018-12-04 00:00:00+09:00,8194.4443359375
2018-12-05 00:00:00+09:00,7902.77783203125
2018-12-06 00:00:00+09:00,7916.66650390625
2018-12-07 00:00:00+09:00,8305.5556640625
2018-12-10 00:00:00+09:00,8013.888671875
2018-12-11 00:00:00+09:00,7888.888671875
2018-12-12 00:00:00+09:00,7902.77783203125
2018-12-13 00:00:00+09:00,7805.5556640625
2018-12-14 00:00:00+09:00,7347.22216796875
2018-12-17 00:00:00+09:00,7083.33349609375
2018-12-18 00:00:00+09:00,6972.22216796875
2018-12-19 00:00:00+09:00,6972.22216796875
2018-12-20 00:00:00+09:00,7000.0
2018-12-21 00:00:00+09:00,7000.0
2018-12-24 00:00:00+09:00,7222.22216796875
2018-12-26 00:00:00+09:00,7236.111328125
2018-12-27 00:00:00+09:00,7819.4443359375
2018-12-28 00:00:00+09:00,7944.4443359375
2019-01-02 00:00:00+09:00,8583.3330078125
2019-01-03 00:00:00+09:00,8500.0
2019-01-04 00:00:00+09:00,8861.111328125
2019-01-07 00:00:00+09:00,8861.111328125
2019-01-08 00:00:00+09:00,8833.3330078125
2019-01-09 00:00:00+09:00,8527.77734375
2019-01-10 00:00:00+09:00,8569.4443359375
2019-01-11 00:00:00+09:00,8541.6669921875
2019-01-14 00:00:00+09:00,8138.888671875
2019-01-15 00:00:00+09:00,8166.66650390625
2019-01-16 00:00:00+09:00,7986.111328125
2019-01-17 00:00:00+09:00,8319.4443359375
2019-01-18 00:00:00+09:00,8305.5556640625
2019-01-21 00:00:00+09:00,8180.5556640625
2019-01-22 00:00:00+09:00,8388.888671875
2019-01-23 00:00:00+09:00,8263.888671875
2019-01-24 00:00:00+09:00,8388.888671875
2019-01-25 00:00:00+09:00,8347.22265625
2019-01-28 00:00:00+09:00,8305.5556640625
2019-01-29 00:00:00+09:00,8097.22216796875
2019-01-30 00:00:00+09:00,7916.66650390625
2019-01-31 00:00:00+09:00,8027.77783203125
2019-02-01 00:00:00+09:00,8416.6669921875
2019-02-07 00:00:00+09:00,8402.77734375
2019-02-08 00:00:00+09:00,8680.5556640625
2019-02-11 00:00:00+09:00,8833.3330078125
2019-02-12 00:00:00+09:00,8833.3330078125
2019-02-13 00:00:00+09:00,8750.0
2019-02-14 00:00:00+09:00,8680.5556640625
2019-02-15 00:00:00+09:00,8916.6669921875
2019-02-18 00:00:00+09:00,9097.22265625
2019-02-19 00:00:00+09:00,9111.111328125
2019-02-20 00:00:00+09:00,9125.0
2019-02-21 00:00:00+09:00,8944.4443359375
2019-02-22 00:00:00+09:00,8694.4443359375
2019-02-25 00:00:00+09:00,8500.0
2019-02-26 00:00:00+09:00,8486.111328125
2019-02-27 00:00:00+09:00,8625.0
2019-02-28 00:00:00+09:00,9472.22265625
2019-03-04 00:00:00+09:00,9763.888671875
2019-03-05 00:00:00+09:00,9791.6669921875
2019-03-06 00:00:00+09:00,9597.22265625
2019-03-07 00:00:00+09:00,9986.111328125
2019-03-08 00:00:00+09:00,10694.4443359375
2019-03-11 00:00:00+09:00,10666.6669921875
2019-03-12 00:00:00+09:00,11527.77734375
2019-03-13 00:00:00+09:00,11694.4443359375
2019-03-14 00:00:00+09:00,11847.22265625
2019-03-15 00:00:00+09:00,12666.6669921875
2019-03-18 00:00:00+09:00,12680.5556640625
2019-03-19 00:00:00+09:00,12625.0
2019-03-20 00:00:00+09:00,13472.22265625
2019-03-21 00:00:00+09:00,13222.22265625
2019-03-22 00:00:00+09:00,13236.111328125
2019-03-25 00:00:00+09:00,12513.888671875
2019-03-26 00:00:00+09:00,13361.111328125
2019-03-27 00:00:00+09:00,12666.6669921875
2019-03-28 00:00:00+09:00,12500.0
2019-03-29 00:00:00+09:00,13402.77734375
2019-04-01 00:00:00+09:00,13402.77734375
2019-04-02 00:00:00+09:00,12902.77734375
2019-04-03 00:00:00+09:00,12750.0
2019-04-04 00:00:00+09:00,13000.0
2019-04-05 00:00:00+09:00,12152.77734375
2019-04-08 00:00:00+09:00,12333.3330078125
2019-04-09 00:00:00+09:00,11930.5556640625
2019-04-10 00:00:00+09:00,12444.4443359375
2019-04-11 00:00:00+09:00,12361.111328125
2019-04-12 00:00:00+09:00,12263.888671875
2019-04-15 00:00:00+09:00,11847.22265625
2019-04-16 00:00:00+09:00,11944.4443359375
2019-04-17 00:00:00+09:00,11888.888671875
2019-04-18 00:00:00+09:00,11361.111328125
2019-04-19 00:00:00+09:00,12027.77734375
2019-04-22 00:00:00+09:00,12166.6669921875
2019-04-23 00:00:00+09:00,11777.77734375
2019-04-24 00:00:00+09:00,11666.6669921875
2019-04-25 00:00:00+09:00,11347.22265625
2019-04-26 00:00:00+09:00,11402.77734375
2019-04-29 00:00:00+09:00,12013.888671875
2019-04-30 00:00:00+09:00,12250.0
2019-05-02 00:00:00+09:00,11722.22265625
2019-05-03 00:00:00+09:00,12569.4443359375
2019-05-07 00:00:00+09:00,12361.111328125
2019-05-08 00:00:00+09:00,12125.0
2019-05-09 00:00:00+09:00,11694.4443359375
2019-05-10 00:00:00+09:00,11708.3330078125
2019-05-13 00:00:00+09:00,11875.0
2019-05-14 00:00:00+09:00,12180.5556640625
2019-05-15 00:00:00+09:00,12583.3330078125
2019-05-16 00:00:00+09:00,12083.3330078125
2019-05-17 00:00:00+09:00,11597.22265625
2019-05-20 00:00:00+09:00,11138.888671875
2019-05-21 00:00:00+09:00,11541.6669921875
2019-05-22 00:00:00+09:00,12000.0
2019-05-23 00:00:00+09:00,12027.77734375
2019-05-24 00:00:00+09:00,12250.0
2019-05-27 00:00:00+09:00,12250.0
2019-05-28 00:00:00+09:00,12416.6669921875
2019-05-29 00:00:00+09:00,11819.4443359375
2019-05-30 00:00:00+09:00,11458.3330078125
2019-05-31 00:00:00+09:00,11875.0
2019-06-03 00:00:00+09:00,11777.77734375
2019-06-04 00:00:00+09:00,11652.77734375
2019-06-05 00:00:00+09:00,11666.6669921875
2019-06-07 00:00:00+09:00,11972.22265625
2019-06-10 00:00:00+09:00,12013.888671875
2019-06-11 00:00:00+09:00,12569.4443359375
2019-06-12 00:00:00+09:00,13000.0
2019-06-13 00:00:00+09:00,12597.22265625
2019-06-14 00:00:00+09:00,12166.6669921875
2019-06-17 00:00:00+09:00,11902.77734375
2019-06-18 00:00:00+09:00,11236.111328125
2019-06-19 00:00:00+09:00,10986.111328125
2019-06-20 00:00:00+09:00,11277.77734375
2019-06-21 00:00:00+09:00,11097.22265625
2019-06-24 00:00:00+09:00,10638.888671875
2019-06-25 00:00:00+09:00,10250.0
2019-06-26 00:00:00+09:00,10000.0
2019-06-27 00:00:00+09:00,8972.22265625
2019-06-28 00:00:00+09:00,9111.111328125
2019-07-01 00:00:00+09:00,9986.111328125
2019-07-02 00:00:00+09:00,9388.888671875
2019-07-03 00:00:00+09:00,8986.111328125
2019-07-04 00:00:00+09:00,8694.4443359375
2019-07-05 00:00:00+09:00,9111.111328125
2019-07-08 00:00:00+09:00,8166.66650390625
2019-07-09 00:00:00+09:00,8208.3330078125
2019-07-10 00:00:00+09:00,8583.3330078125
2019-07-11 00:00:00+09:00,8861.111328125
2019-07-12 00:00:00+09:00,8694.4443359375
2019-07-15 00:00:00+09:00,8611.111328125
2019-07-16 00:00:00+09:00,9027.77734375
2019-07-17 00:00:00+09:00,8972.22265625
2019-07-18 00:00:00+09:00,9083.3330078125
2019-07-19 00:00:00+09:00,9111.111328125
2019-07-22 00:00:00+09:00,9208.3330078125
2019-07-23 00:00:00+09:00,8930.5556640625
2019-07-24 00:00:00+09:00,8902.77734375
2019-07-25 00:00:00+09:00,8777.77734375
2019-07-26 00:00:00+09:00,8708.3330078125
2019-07-29 00:00:00+09:00,8194.4443359375
2019-07-30 00:00:00+09:00,8138.888671875
2019-07-31 00:00:00+09:00,8069.4443359375
2019-08-01 00:00:00+09:00,8125.0
2019-08-02 00:00:00+09:00,7652.77783203125
2019-08-05 00:00:00+09:00,6111.111328125
2019-08-06 00:00:00+09:00,6027.77783203125
2019-08-07 00:00:00+09:00,6569.4443359375
2019-08-08 00:00:00+09:00,6777.77783203125
2019-08-09 00:00:00+09:00,6680.5556640625
2019-08-12 00:00:00+09:00,7194.4443359375
2019-08-13 00:00:00+09:00,6611.111328125
2019-08-14 00:00:00+09:00,6694.4443359375
2019-08-16 00:00:00+09:00,6819.4443359375
2019-08-19 00:00:00+09:00,6750.0
2019-08-20 00:00:00+09:00,7375.0
2019-08-21 00:00:00+09:00,7430.5556640625
2019-08-22 00:00:00+09:00,7333.33349609375
2019-08-23 00:00:00+09:00,7180.5556640625
2019-08-26 00:00:00+09:00,6555.5556640625
2019-08-27 00:00:00+09:00,6888.888671875
2019-08-28 00:00:00+09:00,8944.4443359375
2019-08-29 00:00:00+09:00,8819.4443359375
2019-08-30 00:00:00+09:00,8638.888671875
2019-09-02 00:00:00+09:00,9027.77734375
2019-09-03 00:00:00+09:00,9041.6669921875
2019-09-04 00:00:00+09:00,9583.3330078125
2019-09-05 00:00:00+09:00,9361.111328125
2019-09-06 00:00:00+09:00,9305.5556640625
2019-09-09 00:00:00+09:00,9347.22265625
2019-09-10 00:00:00+09:00,9013.888671875
2019-09-11 00:00:00+09:00,9138.888671875
2019-09-16 00:00:00+09:00,9569.4443359375
2019-09-17 00:00:00+09:00,10166.6669921875
2019-09-18 00:00:00+09:00,9861.111328125
2019-09-19 00:00:00+09:00,10027.77734375
2019-09-20 00:00:00+09:00,9972.22265625
2019-09-23 00:00:00+09:00,9611.111328125
2019-09-24 00:00:00+09:00,9680.5556640625
2019-09-25 00:00:00+09:00,9513.888671875
2019-09-26 00:00:00+09:00,9708.3330078125
2019-09-27 00:00:00+09:00,9611.111328125
2019-09-30 00:00:00+09:00,9513.888671875
2019-10-01 00:00:00+09:00,10361.111328125
2019-10-02 00:00:00+09:00,10388.888671875
2019-10-04 00:00:00+09:00,10513.888671875
2019-10-07 00:00:00+09:00,10916.6669921875
2019-10-08 00:00:00+09:00,10500.0
2019-10-10 00:00:00+09:00,10638.888671875
2019-10-11 00:00:00+09:00,10500.0
2019-10-14 00:00:00+09:00,10833.3330078125
2019-10-15 00:00:00+09:00,11680.5556640625
2019-10-16 00:00:00+09:00,11777.77734375
2019-10-17 00:00:00+09:00,11888.888671875
2019-10-18 00:00:00+09:00,11763.888671875
2019-10-21 00:00:00+09:00,11666.6669921875
2019-10-22 00:00:00+09:00,11402.77734375
2019-10-23 00:00:00+09:00,11680.5556640625
2019-10-24 00:00:00+09:00,11583.3330078125
2019-10-25 00:00:00+09:00,11472.22265625
2019-10-28 00:00:00+09:00,12194.4443359375
2019-10-29 00:00:00+09:00,12138.888671875
2019-10-30 00:00:00+09:00,12055.5556640625
2019-10-31 00:00:00+09:00,11972.22265625
2019-11-01 00:00:00+09:00,12361.111328125
2019-11-04 00:00:00+09:00,12361.111328125
2019-11-05 00:00:00+09:00,13055.5556640625
2019-11-06 00:00:00+09:00,12861.111328125
2019-11-07 00:00:00+09:00,13083.3330078125
2019-11-08 00:00:00+09:00,13847.22265625
2019-11-11 00:00:00+09:00,13847.22265625
2019-11-12 00:00:00+09:00,13875.0
2019-11-13 00:00:00+09:00,12902.77734375
2019-11-14 00:00:00+09:00,13263.888671875
2019-11-15 00:00:00+09:00,13138.888671875
2019-11-18 00:00:00+09:00,13791.6669921875
2019-11-19 00:00:00+09:00,13333.3330078125
2019-11-20 00:00:00+09:00,12166.6669921875
2019-11-21 00:00:00+09:00,12236.111328125
2019-11-22 00:00:00+09:00,11861.111328125
2019-11-25 00:00:00+09:00,13805.5556640625
2019-11-26 00:00:00+09:00,13763.888671875
2019-11-27 00:00:00+09:00,13388.888671875
2019-11-28 00:00:00+09:00,13083.3330078125
2019-11-29 00:00:00+09:00,13861.111328125
2019-12-02 00:00:00+09:00,18000.0
2019-12-03 00:00:00+09:00,18416.666015625
2019-12-04 00:00:00+09:00,18416.666015625
2019-12-05 00:00:00+09:00,16388.888671875
2019-12-06 00:00:00+09:00,16166.6669921875
2019-12-09 00:00:00+09:00,15833.3330078125
2019-12-10 00:00:00+09:00,15944.4443359375
2019-12-11 00:00:00+09:00,15138.888671875
2019-12-12 00:00:00+09:00,15833.3330078125
2019-12-13 00:00:00+09:00,16000.0
2019-12-16 00:00:00+09:00,16222.22265625
2019-12-17 00:00:00+09:00,16861.111328125
2019-12-18 00:00:00+09:00,16527.77734375
2019-12-19 00:00:00+09:00,15750.0
2019-12-20 00:00:00+09:00,16000.0
2019-12-23 00:00:00+09:00,16138.888671875
2019-12-24 00:00:00+09:00,16111.111328125
2019-12-26 00:00:00+09:00,17138.888671875
2019-12-27 00:00:00+09:00,17638.888671875
2019-12-30 00:00:00+09:00,18583.333984375
2020-01-02 00:00:00+09:00,19388.888671875
2020-01-03 00:00:00+09:00,18722.22265625
2020-01-06 00:00:00+09:00,17472.22265625
2020-01-07 00:00:00+09:00,17972.22265625
2020-01-08 00:00:00+09:00,16861.111328125
2020-01-09 00:00:00+09:00,17805.5546875
2020-01-10 00:00:00+09:00,18472.22265625
2020-01-13 00:00:00+09:00,18833.333984375
2020-01-14 00:00:00+09:00,17916.666015625
2020-01-15 00:00:00+09:00,17972.22265625
2020-01-16 00:00:00+09:00,17722.22265625
2020-01-17 00:00:00+09:00,18277.77734375
2020-01-20 00:00:00+09:00,17750.0
2020-01-21 00:00:00+09:00,17111.111328125
2020-01-22 00:00:00+09:00,17416.666015625
2020-01-23 00:00:00+09:00,17527.77734375
2020-01-28 00:00:00+09:00,16944.4453125
2020-01-29 00:00:00+09:00,18138.888671875
2020-01-30 00:00:00+09:00,18083.333984375
2020-01-31 00:00:00+09:00,17722.22265625
2020-02-03 00:00:00+09:00,18222.22265625
2020-02-04 00:00:00+09:00,18777.77734375
2020-02-05 00:00:00+09:00,22305.5546875
2020-02-06 00:00:00+09:00,22861.111328125
2020-02-07 00:00:00+09:00,25222.22265625
2020-02-10 00:00:00+09:00,24166.666015625
2020-02-11 00:00:00+09:00,25083.333984375
2020-02-12 00:00:00+09:00,24972.22265625
2020-02-13 00:00:00+09:00,24222.22265625
2020-02-14 00:00:00+09:00,27361.111328125
2020-02-17 00:00:00+09:00,26944.4453125
2020-02-18 00:00:00+09:00,27055.5546875
2020-02-19 00:00:00+09:00,27361.111328125
2020-02-20 00:00:00+09:00,28388.888671875
2020-02-21 00:00:00+09:00,27361.111328125
2020-02-24 00:00:00+09:00,25750.0
2020-02-25 00:00:00+09:00,28194.4453125
2020-02-26 00:00:00+09:00,26972.22265625
2020-02-27 00:00:00+09:00,25722.22265625
2020-02-28 00:00:00+09:00,24027.77734375
2020-03-02 00:00:00+09:00,24722.22265625
2020-03-03 00:00:00+09:00,24611.111328125
2020-03-04 00:00:00+09:00,26611.111328125
2020-03-05 00:00:00+09:00,27083.333984375
2020-03-06 00:00:00+09:00,25916.666015625
2020-03-09 00:00:00+09:00,24916.666015625
2020-03-10 00:00:00+09:00,25277.77734375
2020-03-11 00:00:00+09:00,23027.77734375
2020-03-12 00:00:00+09:00,21916.666015625
2020-03-13 00:00:00+09:00,19333.333984375
2020-03-16 00:00:00+09:00,18638.888671875
2020-03-17 00:00:00+09:00,20222.22265625
2020-03-18 00:00:00+09:00,18361.111328125
2020-03-19 00:00:00+09:00,16361.111328125
2020-03-20 00:00:00+09:00,17416.666015625
2020-03-23 00:00:00+09:00,16944.4453125
2020-03-24 00:00:00+09:00,20500.0
2020-03-25 00:00:00+09:00,21083.333984375
2020-03-26 00:00:00+09:00,20277.77734375
2020-03-27 00:00:00+09:00,20083.333984375
2020-03-30 00:00:00+09:00,21361.111328125
2020-03-31 00:00:00+09:00,22777.77734375
2020-04-01 00:00:00+09:00,21416.666015625
2020-04-02 00:00:00+09:00,22166.666015625
2020-04-03 00:00:00+09:00,22333.333984375
2020-04-06 00:00:00+09:00,23138.888671875
2020-04-07 00:00:00+09:00,25333.333984375
2020-04-08 00:00:00+09:00,25055.5546875
2020-04-09 00:00:00+09:00,25083.333984375
2020-04-10 00:00:00+09:00,25027.77734375
2020-04-13 00:00:00+09:00,23833.333984375
2020-04-14 00:00:00+09:00,24472.22265625
2020-04-16 00:00:00+09:00,25555.5546875
2020-04-17 00:00:00+09:00,25666.666015625
2020-04-20 00:00:00+09:00,25444.4453125
2020-04-21 00:00:00+09:00,26000.0
2020-04-22 00:00:00+09:00,25861.111328125
2020-04-23 00:00:00+09:00,27194.4453125
2020-04-24 00:00:00+09:00,26055.5546875
2020-04-27 00:00:00+09:00,26277.77734375
2020-04-28 00:00:00+09:00,25694.4453125
2020-04-29 00:00:00+09:00,26166.666015625
2020-05-04 00:00:00+09:00,33055.5546875
2020-05-06 00:00:00+09:00,34777.77734375
2020-05-07 00:00:00+09:00,38333.33203125
2020-05-08 00:00:00+09:00,40277.77734375
2020-05-11 00:00:00+09:00,46777.77734375
2020-05-12 00:00:00+09:00,47972.22265625
2020-05-13 00:00:00+09:00,50638.890625
2020-05-14 00:00:00+09:00,49972.22265625
2020-05-15 00:00:00+09:00,50666.66796875
2020-05-18 00:00:00+09:00,49444.4453125
2020-05-19 00:00:00+09:00,54861.109375
2020-05-20 00:00:00+09:00,51805.5546875
2020-05-21 00:00:00+09:00,52527.77734375
2020-05-22 00:00:00+09:00,54722.22265625
2020-05-25 00:00:00+09:00,56444.4453125
2020-05-26 00:00:00+09:00,55944.4453125
2020-05-27 00:00:00+09:00,61194.4453125
2020-05-28 00:00:00+09:00,63000.0
2020-05-29 00:00:00+09:00,67138.890625
2020-06-01 00:00:00+09:00,71277.78125
2020-06-02 00:00:00+09:00,71527.78125
2020-06-03 00:00:00+09:00,53861.109375
2020-06-04 00:00:00+09:00,60361.109375
2020-06-05 00:00:00+09:00,67694.4453125
2020-06-08 00:00:00+09:00,69833.3359375
2020-06-09 00:00:00+09:00,66333.3359375
2020-06-10 00:00:00+09:00,64000.0
2020-06-11 00:00:00+09:00,63611.109375
2020-06-12 00:00:00+09:00,65694.4453125
2020-06-15 00:00:00+09:00,60277.77734375
2020-06-16 00:00:00+09:00,64833.33203125
2020-06-17 00:00:00+09:00,65750.0
2020-06-18 00:00:00+09:00,72222.21875
2020-06-19 00:00:00+09:00,74166.6640625
2020-06-22 00:00:00+09:00,93166.6640625
2020-06-23 00:00:00+09:00,91666.6640625
2020-06-24 00:00:00+09:00,78944.4453125
2020-06-25 00:00:00+09:00,78611.109375
2020-06-26 00:00:00+09:00,78888.890625
2020-06-29 00:00:00+09:00,72333.3359375
2020-06-30 00:00:00+09:00,74027.78125
2020-07-01 00:00:00+09:00,70861.109375
2020-07-02 00:00:00+09:00,68500.0
2020-07-03 00:00:00+09:00,72194.4453125
2020-07-06 00:00:00+09:00,76111.109375
2020-07-07 00:00:00+09:00,78055.5546875
2020-07-08 00:00:00+09:00,81416.6640625
2020-07-09 00:00:00+09:00,81638.890625
2020-07-10 00:00:00+09:00,81638.890625
2020-07-13 00:00:00+09:00,78916.6640625
2020-07-14 00:00:00+09:00,79000.0
2020-07-15 00:00:00+09:00,79944.4453125
2020-07-16 00:00:00+09:00,79861.109375
2020-07-17 00:00:00+09:00,79500.0
2020-07-20 00:00:00+09:00,79305.5546875
2020-07-21 00:00:00+09:00,83222.21875
2020-07-22 00:00:00+09:00,85750.0
2020-07-23 00:00:00+09:00,102777.78125
2020-07-24 00:00:00+09:00,98500.0
2020-07-27 00:00:00+09:00,96666.6640625
2020-07-28 00:00:00+09:00,97277.78125
2020-07-29 00:00:00+09:00,95166.6640625
2020-07-30 00:00:00+09:00,96888.890625
2020-07-31 00:00:00+09:00,105666.6640625
2020-08-03 00:00:00+09:00,105333.3359375
2020-08-04 00:00:00+09:00,107055.5546875
2020-08-05 00:00:00+09:00,108500.0
2020-08-06 00:00:00+09:00,108222.21875
2020-08-07 00:00:00+09:00,111111.109375
2020-08-10 00:00:00+09:00,110055.5546875
2020-08-11 00:00:00+09:00,106444.4453125
2020-08-12 00:00:00+09:00,105555.5546875
2020-08-13 00:00:00+09:00,104277.78125
2020-08-14 00:00:00+09:00,96166.6640625
2020-08-18 00:00:00+09:00,92500.0
2020-08-19 00:00:00+09:00,94444.4453125
2020-08-20 00:00:00+09:00,92166.6640625
2020-08-21 00:00:00+09:00,92833.3359375
2020-08-24 00:00:00+09:00,102055.5546875
2020-08-25 00:00:00+09:00,103833.3359375
2020-08-26 00:00:00+09:00,104277.78125
2020-08-27 00:00:00+09:00,101777.78125
2020-08-28 00:00:00+09:00,102277.78125
2020-08-31 00:00:00+09:00,116111.109375
2020-09-01 00:00:00+09:00,113666.6640625
2020-09-02 00:00:00+09:00,123833.3359375
2020-09-03 00:00:00+09:00,124055.5546875
2020-09-04 00:00:00+09:00,119000.0
2020-09-07 00:00:00+09:00,119222.21875
2020-09-08 00:00:00+09:00,115944.4453125
2020-09-09 00:00:00+09:00,111277.78125
2020-09-10 00:00:00+09:00,112777.78125
2020-09-11 00:00:00+09:00,112500.0
2020-09-14 00:00:00+09:00,112055.5546875
2020-09-15 00:00:00+09:00,117722.21875
2020-09-16 00:00:00+09:00,119555.5546875
2020-09-17 00:00:00+09:00,113833.3359375
2020-09-18 00:00:00+09:00,113444.4453125
2020-09-21 00:00:00+09:00,106777.78125
2020-09-22 00:00:00+09:00,103166.6640625
2020-09-23 00:00:00+09:00,100000.0
2020-09-24 00:00:00+09:00,91611.109375
2020-09-25 00:00:00+09:00,93111.109375
2020-09-28 00:00:00+09:00,98888.890625
2020-09-29 00:00:00+09:00,100166.6640625
2020-10-05 00:00:00+09:00,100555.5546875
2020-10-06 00:00:00+09:00,103500.0
2020-10-07 00:00:00+09:00,101944.4453125
2020-10-08 00:00:00+09:00,100611.109375
2020-10-12 00:00:00+09:00,100000.0
2020-10-13 00:00:00+09:00,102111.109375
2020-10-14 00:00:00+09:00,99722.21875
2020-10-15 00:00:00+09:00,94444.4453125
2020-10-16 00:00:00+09:00,94444.4453125
2020-10-19 00:00:00+09:00,90555.5546875
2020-10-20 00:00:00+09:00,91111.109375
2020-10-21 00:00:00+09:00,91166.6640625
2020-10-22 00:00:00+09:00,86500.0
2020-10-23 00:00:00+09:00,89000.0
2020-10-26 00:00:00+09:00,82277.78125
2020-10-27 00:00:00+09:00,84333.3359375
2020-10-28 00:00:00+09:00,92888.890625
2020-10-29 00:00:00+09:00,93277.78125
2020-10-30 00:00:00+09:00,87944.4453125
2020-11-02 00:00:00+09:00,88000.0
2020-11-03 00:00:00+09:00,90722.21875
2020-11-04 00:00:00+09:00,98166.6640625
2020-11-05 00:00:00+09:00,96277.78125
2020-11-06 00:00:00+09:00,92777.78125
2020-11-09 00:00:00+09:00,93833.3359375
2020-11-10 00:00:00+09:00,88777.78125
2020-11-11 00:00:00+09:00,86111.109375
2020-11-12 00:00:00+09:00,88000.0
2020-11-13 00:00:00+09:00,89277.78125
2020-11-16 00:00:00+09:00,88888.890625
2020-11-17 00:00:00+09:00,91333.3359375
2020-11-18 00:00:00+09:00,91944.4453125
2020-11-19 00:00:00+09:00,91666.6640625
2020-11-20 00:00:00+09:00,94833.3359375
2020-11-23 00:00:00+09:00,93888.890625
2020-11-24 00:00:00+09:00,91222.21875
2020-11-25 00:00:00+09:00,88666.6640625
2020-11-26 00:00:00+09:00,90777.78125
2020-11-27 00:00:00+09:00,91333.3359375
2020-11-30 00:00:00+09:00,89277.78125
2020-12-01 00:00:00+09:00,96944.4453125
2020-12-02 00:00:00+09:00,95111.109375
2020-12-03 00:00:00+09:00,94666.6640625
2020-12-04 00:00:00+09:00,93111.109375
2020-12-07 00:00:00+09:00,96833.3359375
2020-12-08 00:00:00+09:00,94833.3359375
2020-12-09 00:00:00+09:00,94833.3359375
2020-12-10 00:00:00+09:00,96000.0
2020-12-11 00:00:00+09:00,97222.21875
2020-12-14 00:00:00+09:00,98333.3359375
2020-12-15 00:00:00+09:00,98333.3359375
2020-12-16 00:00:00+09:00,98777.78125
2020-12-17 00:00:00+09:00,97222.21875
2020-12-18 00:00:00+09:00,94777.78125
2020-12-21 00:00:00+09:00,92777.78125
2020-12-22 00:00:00+09:00,88444.4453125
2020-12-23 00:00:00+09:00,83555.5546875
2020-12-24 00:00:00+09:00,87000.0
2020-12-28 00:00:00+09:00,84444.4453125
2020-12-29 00:00:00+09:00,98444.4453125
2020-12-30 00:00:00+09:00,99833.3359375
2021-01-04 00:00:00+09:00,95833.3359375
2021-01-05 00:00:00+09:00,93611.109375
2021-01-06 00:00:00+09:00,92500.0
2021-01-07 00:00:00+09:00,92777.78125
2021-01-08 00:00:00+09:00,89111.109375
2021-01-11 00:00:00+09:00,86666.6640625
2021-01-12 00:00:00+09:00,85166.6640625
2021-01-13 00:00:00+09:00,84444.4453125
2021-01-14 00:00:00+09:00,84666.6640625
2021-01-15 00:00:00+09:00,83722.21875
2021-01-18 00:00:00+09:00,79833.3359375
2021-01-19 00:00:00+09:00,83055.5546875
2021-01-20 00:00:00+09:00,85833.3359375
2021-01-21 00:00:00+09:00,83388.890625
2021-01-22 00:00:00+09:00,81666.6640625
2021-01-25 00:00:00+09:00,85388.890625
2021-01-26 00:00:00+09:00,83500.0
2021-01-27 00:00:00+09:00,81722.21875
2021-01-28 00:00:00+09:00,78388.890625
2021-01-29 00:00:00+09:00,73944.4453125
2021-02-01 00:00:00+09:00,79722.21875
2021-02-02 00:00:00+09:00,79666.6640625
2021-02-03 00:00:00+09:00,78611.109375
2021-02-04 00:00:00+09:00,77222.21875
2021-02-05 00:00:00+09:00,79444.4453125
2021-02-08 00:00:00+09:00,78055.5546875
2021-02-09 00:00:00+09:00,79555.5546875
2021-02-10 00:00:00+09:00,79500.0
2021-02-15 00:00:00+09:00,80500.0
2021-02-16 00:00:00+09:00,78555.5546875
2021-02-17 00:00:00+09:00,78500.0
2021-02-18 00:00:00+09:00,76777.78125
2021-02-19 00:00:00+09:00,75888.890625
2021-02-22 00:00:00+09:00,75000.0
2021-02-23 00:00:00+09:00,73166.6640625
2021-02-24 00:00:00+09:00,69555.5546875
2021-02-25 00:00:00+09:00,75666.6640625
2021-02-26 00:00:00+09:00,72222.21875
2021-03-02 00:00:00+09:00,73055.5546875
2021-03-03 00:00:00+09:00,74777.78125
2021-03-04 00:00:00+09:00,71944.4453125
2021-03-05 00:00:00+09:00,71000.0
2021-03-08 00:00:00+09:00,67555.5546875
2021-03-09 00:00:00+09:00,65000.0
2021-03-10 00:00:00+09:00,77888.890625
2021-03-11 00:00:00+09:00,77888.890625
2021-03-12 00:00:00+09:00,83333.3359375
2021-03-15 00:00:00+09:00,84500.0
2021-03-16 00:00:00+09:00,85388.890625
2021-03-17 00:00:00+09:00,85555.5546875
2021-03-18 00:00:00+09:00,85555.5546875
2021-03-19 00:00:00+09:00,86888.890625
2021-03-22 00:00:00+09:00,86277.78125
2021-03-23 00:00:00+09:00,85333.3359375
2021-03-24 00:00:00+09:00,83083.3359375
2021-03-25 00:00:00+09:00,79000.0
2021-03-26 00:00:00+09:00,78666.6640625
2021-03-29 00:00:00+09:00,75833.3359375
2021-03-30 00:00:00+09:00,75500.0
2021-03-31 00:00:00+09:00,74666.6640625
2021-04-01 00:00:00+09:00,75500.0
2021-04-02 00:00:00+09:00,75000.0
2021-04-05 00:00:00+09:00,72750.0
2021-04-06 00:00:00+09:00,71166.6640625
2021-04-07 00:00:00+09:00,72833.3359375
2021-04-08 00:00:00+09:00,73083.3359375
2021-04-09 00:00:00+09:00,74166.6640625
2021-04-12 00:00:00+09:00,73416.6640625
2021-04-13 00:00:00+09:00,72583.3359375
2021-04-14 00:00:00+09:00,77083.3359375
2021-04-15 00:00:00+09:00,75500.0
2021-04-16 00:00:00+09:00,77500.0
2021-04-19 00:00:00+09:00,76833.3359375
2021-04-20 00:00:00+09:00,75416.6640625
2021-04-21 00:00:00+09:00,72833.3359375
2021-04-22 00:00:00+09:00,76000.0
2021-04-23 00:00:00+09:00,73416.6640625
2021-04-26 00:00:00+09:00,72250.0
2021-04-27 00:00:00+09:00,71500.0
2021-04-28 00:00:00+09:00,70333.3359375
2021-04-29 00:00:00+09:00,69083.3359375
2021-04-30 00:00:00+09:00,67250.0
2021-05-03 00:00:00+09:00,64333.33203125
2021-05-04 00:00:00+09:00,64583.33203125
2021-05-06 00:00:00+09:00,63916.66796875
2021-05-07 00:00:00+09:00,64166.66796875
2021-05-10 00:00:00+09:00,66083.3359375
2021-05-11 00:00:00+09:00,63333.33203125
2021-05-12 00:00:00+09:00,61666.66796875
2021-05-13 00:00:00+09:00,59250.0
2021-05-14 00:00:00+09:00,60666.66796875
2021-05-17 00:00:00+09:00,60666.66796875
2021-05-18 00:00:00+09:00,61166.66796875
2021-05-20 00:00:00+09:00,58500.0
2021-05-21 00:00:00+09:00,58416.66796875
2021-05-24 00:00:00+09:00,55916.66796875
2021-05-25 00:00:00+09:00,59500.0
2021-05-26 00:00:00+09:00,58750.0
2021-05-27 00:00:00+09:00,58750.0
2021-05-28 00:00:00+09:00,58833.33203125
2021-05-31 00:00:00+09:00,60833.33203125
2021-06-01 00:00:00+09:00,58583.33203125
2021-06-02 00:00:00+09:00,58500.0
2021-06-03 00:00:00+09:00,59583.33203125
2021-06-04 00:00:00+09:00,58250.0
2021-06-07 00:00:00+09:00,58250.0
2021-06-08 00:00:00+09:00,62166.66796875
2021-06-09 00:00:00+09:00,59666.66796875
2021-06-10 00:00:00+09:00,62416.66796875
2021-06-11 00:00:00+09:00,62666.66796875
2021-06-14 00:00:00+09:00,64750.0
2021-06-15 00:00:00+09:00,63250.0
2021-06-16 00:00:00+09:00,63583.33203125
2021-06-17 00:00:00+09:00,62916.66796875
2021-06-18 00:00:00+09:00,65500.0
2021-06-21 00:00:00+09:00,65666.6640625
2021-06-22 00:00:00+09:00,65166.66796875
2021-06-23 00:00:00+09:00,65250.0
2021-06-24 00:00:00+09:00,67416.6640625
2021-06-25 00:00:00+09:00,69333.3359375
2021-06-28 00:00:00+09:00,68500.0
2021-06-29 00:00:00+09:00,68333.3359375
2021-06-30 00:00:00+09:00,69750.0
2021-07-01 00:00:00+09:00,73083.3359375
2021-07-02 00:00:00+09:00,76416.6640625
2021-07-05 00:00:00+09:00,80250.0
2021-07-06 00:00:00+09:00,79416.6640625
2021-07-07 00:00:00+09:00,78583.3359375
2021-07-08 00:00:00+09:00,75833.3359375
2021-07-09 00:00:00+09:00,77750.0
2021-07-12 00:00:00+09:00,77583.3359375
2021-07-13 00:00:00+09:00,75166.6640625
2021-07-14 00:00:00+09:00,73583.3359375
2021-07-15 00:00:00+09:00,73750.0
2021-07-16 00:00:00+09:00,73833.3359375
2021-07-19 00:00:00+09:00,73416.6640625
2021-07-20 00:00:00+09:00,70916.6640625
2021-07-21 00:00:00+09:00,74750.0
2021-07-22 00:00:00+09:00,73083.3359375
2021-07-23 00:00:00+09:00,71833.3359375
2021-07-26 00:00:00+09:00,69666.6640625
2021-07-27 00:00:00+09:00,68416.6640625
2021-07-28 00:00:00+09:00,68000.0
2021-07-29 00:00:00+09:00,68916.6640625
2021-07-30 00:00:00+09:00,66666.6640625
2021-08-02 00:00:00+09:00,68166.6640625
2021-08-03 00:00:00+09:00,68083.3359375
2021-08-04 00:00:00+09:00,68750.0
2021-08-05 00:00:00+09:00,68000.0
2021-08-06 00:00:00+09:00,75833.3359375
2021-08-09 00:00:00+09:00,73416.6640625
2021-08-10 00:00:00+09:00,70916.6640625
2021-08-11 00:00:00+09:00,70916.6640625
2021-08-12 00:00:00+09:00,69083.3359375
2021-08-13 00:00:00+09:00,67666.6640625
2021-08-17 00:00:00+09:00,64666.66796875
2021-08-18 00:00:00+09:00,64750.0
2021-08-19 00:00:00+09:00,62666.66796875
2021-08-20 00:00:00+09:00,59750.0
2021-08-23 00:00:00+09:00,61500.0
2021-08-24 00:00:00+09:00,66666.6640625
2021-08-25 00:00:00+09:00,70250.0
2021-08-26 00:00:00+09:00,70000.0
2021-08-27 00:00:00+09:00,67750.0
2021-08-30 00:00:00+09:00,67416.6640625
2021-08-31 00:00:00+09:00,70833.3359375
2021-09-01 00:00:00+09:00,71750.0
2021-09-02 00:00:00+09:00,70250.0
2021-09-03 00:00:00+09:00,70916.6640625
2021-09-06 00:00:00+09:00,71666.6640625
2021-09-07 00:00:00+09:00,70250.0
2021-09-08 00:00:00+09:00,67416.6640625
2021-09-09 00:00:00+09:00,67750.0
2021-09-10 00:00:00+09:00,66500.0
2021-09-13 00:00:00+09:00,63916.66796875
2021-09-14 00:00:00+09:00,65500.0
2021-09-15 00:00:00+09:00,66000.0
2021-09-16 00:00:00+09:00,67416.6640625
2021-09-17 00:00:00+09:00,66666.6640625
2021-09-23 00:00:00+09:00,67083.3359375
2021-09-24 00:00:00+09:00,66916.6640625
2021-09-27 00:00:00+09:00,65500.0
2021-09-28 00:00:00+09:00,62500.0
2021-09-29 00:00:00+09:00,61000.0
2021-09-30 00:00:00+09:00,60500.0
2021-10-01 00:00:00+09:00,59416.66796875
2021-10-05 00:00:00+09:00,58333.33203125
2021-10-06 00:00:00+09:00,56250.0
2021-10-07 00:00:00+09:00,60083.33203125
2021-10-08 00:00:00+09:00,58916.66796875
2021-10-12 00:00:00+09:00,57750.0
2021-10-13 00:00:00+09:00,59583.33203125
2021-10-14 00:00:00+09:00,61583.33203125
2021-10-15 00:00:00+09:00,63500.0
2021-10-18 00:00:00+09:00,62500.0
2021-10-19 00:00:00+09:00,63333.33203125
2021-10-20 00:00:00+09:00,62333.33203125
2021-10-21 00:00:00+09:00,61416.66796875
2021-10-22 00:00:00+09:00,60833.33203125
2021-10-25 00:00:00+09:00,61166.66796875
2021-10-26 00:00:00+09:00,62000.0
2021-10-27 00:00:00+09:00,60416.66796875
2021-10-28 00:00:00+09:00,58583.33203125
2021-10-29 00:00:00+09:00,58333.33203125
2021-11-01 00:00:00+09:00,61666.66796875
2021-11-02 00:00:00+09:00,67250.0
2021-11-03 00:00:00+09:00,66833.3359375
2021-11-04 00:00:00+09:00,67583.3359375
2021-11-05 00:00:00+09:00,66750.0
2021-11-08 00:00:00+09:00,65916.6640625
2021-11-09 00:00:00+09:00,65083.33203125
2021-11-10 00:00:00+09:00,63333.33203125
2021-11-11 00:00:00+09:00,60833.33203125
2021-11-12 00:00:00+09:00,60083.33203125
2021-11-15 00:00:00+09:00,59833.33203125
2021-11-16 00:00:00+09:00,59083.33203125
2021-11-17 00:00:00+09:00,58333.33203125
2021-11-18 00:00:00+09:00,57500.0
2021-11-19 00:00:00+09:00,58333.33203125
2021-11-22 00:00:00+09:00,62000.0
2021-11-23 00:00:00+09:00,59250.0
2021-11-24 00:00:00+09:00,58916.66796875
2021-11-25 00:00:00+09:00,58250.0
2021-11-26 00:00:00+09:00,58583.33203125
2021-11-29 00:00:00+09:00,56666.66796875
2021-11-30 00:00:00+09:00,57250.0
2021-12-01 00:00:00+09:00,57416.66796875
2021-12-02 00:00:00+09:00,59166.66796875
2021-12-03 00:00:00+09:00,62250.0
2021-12-06 00:00:00+09:00,68333.3359375
2021-12-07 00:00:00+09:00,68416.6640625
2021-12-08 00:00:00+09:00,71500.0
2021-12-09 00:00:00+09:00,72583.3359375
2021-12-10 00:00:00+09:00,72583.3359375
2021-12-13 00:00:00+09:00,69333.3359375
2021-12-14 00:00:00+09:00,70416.6640625
2021-12-15 00:00:00+09:00,71083.3359375
2021-12-16 00:00:00+09:00,70750.0
2021-12-17 00:00:00+09:00,62666.66796875
2021-12-20 00:00:00+09:00,61750.0
2021-12-21 00:00:00+09:00,59916.66796875
2021-12-22 00:00:00+09:00,59833.33203125
2021-12-23 00:00:00+09:00,59166.66796875
2021-12-24 00:00:00+09:00,58333.33203125
2021-12-27 00:00:00+09:00,59750.0
2021-12-28 00:00:00+09:00,62750.0
2021-12-29 00:00:00+09:00,62916.66796875
2021-12-30 00:00:00+09:00,63083.33203125
2022-01-04 00:00:00+09:00,60083.33203125
2022-01-05 00:00:00+09:00,58416.66796875
2022-01-06 00:00:00+09:00,58500.0
2022-01-07 00:00:00+09:00,59250.0
2022-01-10 00:00:00+09:00,57583.33203125
2022-01-11 00:00:00+09:00,56916.66796875
2022-01-12 00:00:00+09:00,57333.33203125
2022-01-13 00:00:00+09:00,52666.66796875
2022-01-14 00:00:00+09:00,53166.66796875
2022-01-17 00:00:00+09:00,50500.0
2022-01-18 00:00:00+09:00,49416.66796875
2022-01-19 00:00:00+09:00,47583.33203125
2022-01-20 00:00:00+09:00,48416.66796875
2022-01-21 00:00:00+09:00,47083.33203125
2022-01-24 00:00:00+09:00,42916.66796875
2022-01-25 00:00:00+09:00,42000.0
2022-01-26 00:00:00+09:00,41916.66796875
2022-01-27 00:00:00+09:00,38666.66796875
2022-01-28 00:00:00+09:00,40000.0
2022-02-03 00:00:00+09:00,42666.66796875
2022-02-04 00:00:00+09:00,41500.0
2022-02-07 00:00:00+09:00,40458.33203125
2022-02-08 00:00:00+09:00,40625.0
2022-02-09 00:00:00+09:00,42250.0
2022-02-10 00:00:00+09:00,42083.33203125
2022-02-11 00:00:00+09:00,40250.0
2022-02-14 00:00:00+09:00,40000.0
2022-02-15 00:00:00+09:00,38541.66796875
2022-02-16 00:00:00+09:00,42833.33203125
2022-02-17 00:00:00+09:00,41916.66796875
2022-02-18 00:00:00+09:00,43916.66796875
2022-02-21 00:00:00+09:00,44250.0
2022-02-22 00:00:00+09:00,42750.0
2022-02-23 00:00:00+09:00,43000.0
2022-02-24 00:00:00+09:00,42083.33203125
2022-02-25 00:00:00+09:00,43666.66796875
2022-02-28 00:00:00+09:00,44500.0
2022-03-02 00:00:00+09:00,44750.0
2022-03-03 00:00:00+09:00,48000.0
2022-03-04 00:00:00+09:00,47083.33203125
2022-03-07 00:00:00+09:00,45833.33203125
2022-03-08 00:00:00+09:00,47000.0
2022-03-10 00:00:00+09:00,49666.66796875
2022-03-11 00:00:00+09:00,47500.0
2022-03-14 00:00:00+09:00,46166.66796875
2022-03-15 00:00:00+09:00,48583.33203125
2022-03-16 00:00:00+09:00,49750.0
2022-03-17 00:00:00+09:00,50750.0
2022-03-18 00:00:00+09:00,50166.66796875
2022-03-21 00:00:00+09:00,49250.0
2022-03-22 00:00:00+09:00,49166.66796875
2022-03-23 00:00:00+09:00,46833.33203125
2022-03-24 00:00:00+09:00,47583.33203125
2022-03-25 00:00:00+09:00,47416.66796875
2022-03-28 00:00:00+09:00,46166.66796875
2022-03-29 00:00:00+09:00,46750.0
2022-03-30 00:00:00+09:00,47250.0
2022-03-31 00:00:00+09:00,47166.66796875
2022-04-01 00:00:00+09:00,46833.33203125
2022-04-04 00:00:00+09:00,46500.0
2022-04-05 00:00:00+09:00,47000.0
2022-04-06 00:00:00+09:00,43833.33203125
2022-04-07 00:00:00+09:00,43666.66796875
2022-04-08 00:00:00+09:00,44166.66796875
2022-04-11 00:00:00+09:00,43416.66796875
2022-04-12 00:00:00+09:00,43333.33203125
2022-04-13 00:00:00+09:00,45000.0
2022-04-14 00:00:00+09:00,44750.0
2022-04-15 00:00:00+09:00,44750.0
2022-04-18 00:00:00+09:00,44166.66796875
2022-04-19 00:00:00+09:00,45333.33203125
2022-04-20 00:00:00+09:00,44416.66796875
2022-04-21 00:00:00+09:00,44750.0
2022-04-22 00:00:00+09:00,45166.66796875
2022-04-25 00:00:00+09:00,44666.66796875
2022-04-26 00:00:00+09:00,47000.0
2022-04-27 00:00:00+09:00,46750.0
2022-04-28 00:00:00+09:00,46666.66796875
2022-04-29 00:00:00+09:00,48250.0
2022-05-02 00:00:00+09:00,47916.66796875
2022-05-03 00:00:00+09:00,47250.0
2022-05-04 00:00:00+09:00,45583.33203125
2022-05-06 00:00:00+09:00,44750.0
2022-05-10 00:00:00+09:00,40500.0
2022-05-11 00:00:00+09:00,41541.66796875
2022-05-12 00:00:00+09:00,39666.66796875
2022-05-13 00:00:00+09:00,41166.66796875
2022-05-16 00:00:00+09:00,41416.66796875
2022-05-17 00:00:00+09:00,41625.0
2022-05-18 00:00:00+09:00,43833.33203125
2022-05-19 00:00:00+09:00,43416.66796875
2022-05-20 00:00:00+09:00,45333.33203125
2022-05-23 00:00:00+09:00,45833.33203125
2022-05-24 00:00:00+09:00,44750.0
2022-05-25 00:00:00+09:00,45333.33203125
2022-05-26 00:00:00+09:00,45000.0
2022-05-27 00:00:00+09:00,46166.66796875
2022-05-30 00:00:00+09:00,47750.0
2022-05-31 00:00:00+09:00,48083.33203125
2022-06-02 00:00:00+09:00,47916.66796875
2022-06-03 00:00:00+09:00,47333.33203125
2022-06-07 00:00:00+09:00,44666.66796875
2022-06-08 00:00:00+09:00,44750.0
2022-06-09 00:00:00+09:00,44833.33203125
2022-06-10 00:00:00+09:00,43250.0
2022-06-13 00:00:00+09:00,40500.0
2022-06-14 00:00:00+09:00,40583.33203125
2022-06-15 00:00:00+09:00,38541.66796875
2022-06-16 00:00:00+09:00,42666.66796875
2022-06-17 00:00:00+09:00,47250.0
2022-06-20 00:00:00+09:00,48250.0
2022-06-21 00:00:00+09:00,50583.33203125
2022-06-22 00:00:00+09:00,49416.66796875
2022-06-23 00:00:00+09:00,51750.0
2022-06-24 00:00:00+09:00,53083.33203125
2022-06-27 00:00:00+09:00,50500.0
2022-06-28 00:00:00+09:00,50583.33203125
2022-06-29 00:00:00+09:00,50000.0
2022-06-30 00:00:00+09:00,50916.66796875
2022-07-01 00:00:00+09:00,48083.33203125
2022-07-04 00:00:00+09:00,48833.33203125
2022-07-05 00:00:00+09:00,52250.0
2022-07-06 00:00:00+09:00,52250.0
2022-07-07 00:00:00+09:00,52750.0
2022-07-08 00:00:00+09:00,53250.0
2022-07-11 00:00:00+09:00,51500.0
2022-07-12 00:00:00+09:00,51416.66796875
2022-07-13 00:00:00+09:00,53166.66796875
2022-07-14 00:00:00+09:00,54000.0
2022-07-15 00:00:00+09:00,54166.66796875
2022-07-18 00:00:00+09:00,53250.0
2022-07-19 00:00:00+09:00,55500.0
2022-07-20 00:00:00+09:00,54833.33203125
2022-07-21 00:00:00+09:00,55250.0
2022-07-22 00:00:00+09:00,55000.0
2022-07-25 00:00:00+09:00,54916.66796875
2022-07-26 00:00:00+09:00,56250.0
2022-07-27 00:00:00+09:00,56000.0
2022-07-28 00:00:00+09:00,55416.66796875
2022-07-29 00:00:00+09:00,54333.33203125
2022-08-01 00:00:00+09:00,52416.66796875
2022-08-02 00:00:00+09:00,52500.0
2022-08-03 00:00:00+09:00,55750.0
2022-08-04 00:00:00+09:00,59833.33203125
2022-08-05 00:00:00+09:00,61833.33203125
2022-08-08 00:00:00+09:00,62166.66796875
2022-08-09 00:00:00+09:00,63750.0
2022-08-10 00:00:00+09:00,61583.33203125
2022-08-11 00:00:00+09:00,61583.33203125
2022-08-12 00:00:00+09:00,59916.66796875
2022-08-16 00:00:00+09:00,59833.33203125
2022-08-17 00:00:00+09:00,58416.66796875
2022-08-18 00:00:00+09:00,58166.66796875
2022-08-19 00:00:00+09:00,56666.66796875
2022-08-22 00:00:00+09:00,55083.33203125
2022-08-23 00:00:00+09:00,53333.33203125
2022-08-24 00:00:00+09:00,55583.33203125
2022-08-25 00:00:00+09:00,56416.66796875
2022-08-26 00:00:00+09:00,54416.66796875
2022-08-29 00:00:00+09:00,52083.33203125
2022-08-30 00:00:00+09:00,53333.33203125
2022-08-31 00:00:00+09:00,53083.33203125
2022-09-01 00:00:00+09:00,50416.66796875
2022-09-02 00:00:00+09:00,51083.33203125
2022-09-05 00:00:00+09:00,50250.0
2022-09-06 00:00:00+09:00,49416.66796875
2022-09-07 00:00:00+09:00,48083.33203125
2022-09-08 00:00:00+09:00,49166.66796875
2022-09-13 00:00:00+09:00,49916.66796875
2022-09-14 00:00:00+09:00,47333.33203125
2022-09-15 00:00:00+09:00,46750.0
2022-09-16 00:00:00+09:00,45750.0
2022-09-19 00:00:00+09:00,44333.33203125
2022-09-20 00:00:00+09:00,44166.66796875
2022-09-21 00:00:00+09:00,42750.0
2022-09-22 00:00:00+09:00,42500.0
2022-09-23 00:00:00+09:00,40500.0
2022-09-26 00:00:00+09:00,39083.33203125
2022-09-27 00:00:00+09:00,40833.33203125
2022-09-28 00:00:00+09:00,40333.33203125
2022-09-29 00:00:00+09:00,41000.0
2022-09-30 00:00:00+09:00,37791.66796875
2022-10-04 00:00:00+09:00,35625.0
2022-10-05 00:00:00+09:00,36416.66796875
2022-10-06 00:00:00+09:00,33666.66796875
2022-10-07 00:00:00+09:00,31375.0
2022-10-11 00:00:00+09:00,30291.666015625
2022-10-12 00:00:00+09:00,29875.0
2022-10-13 00:00:00+09:00,28666.666015625
2022-10-14 00:00:00+09:00,33208.33203125
2022-10-17 00:00:00+09:00,32833.33203125
2022-10-18 00:00:00+09:00,35208.33203125
2022-10-19 00:00:00+09:00,34625.0
2022-10-20 00:00:00+09:00,33666.66796875
2022-10-21 00:00:00+09:00,34041.66796875
2022-10-24 00:00:00+09:00,35166.66796875
2022-10-25 00:00:00+09:00,35900.0
2022-10-26 00:00:00+09:00,34950.0
2022-10-27 00:00:00+09:00,36750.0
2022-10-28 00:00:00+09:00,36700.0
2022-10-31 00:00:00+09:00,36700.0
2022-11-01 00:00:00+09:00,35850.0
2022-11-02 00:00:00+09:00,36900.0
2022-11-03 00:00:00+09:00,34750.0
2022-11-04 00:00:00+09:00,34700.0
2022-11-07 00:00:00+09:00,35350.0
2022-11-08 00:00:00+09:00,38800.0
2022-11-09 00:00:00+09:00,37750.0
2022-11-10 00:00:00+09:00,37100.0
2022-11-11 00:00:00+09:00,38750.0
2022-11-14 00:00:00+09:00,37900.0
2022-11-15 00:00:00+09:00,41850.0
2022-11-16 00:00:00+09:00,42700.0
2022-11-17 00:00:00+09:00,42300.0
2022-11-18 00:00:00+09:00,41100.0
2022-11-21 00:00:00+09:00,38950.0
2022-11-22 00:00:00+09:00,37400.0
2022-11-23 00:00:00+09:00,37250.0
2022-11-24 00:00:00+09:00,36800.0
2022-11-25 00:00:00+09:00,36900.0
2022-11-28 00:00:00+09:00,37250.0
2022-11-29 00:00:00+09:00,37850.0
2022-11-30 00:00:00+09:00,36650.0
2022-12-01 00:00:00+09:00,38350.0
2022-12-02 00:00:00+09:00,36800.0
2022-12-05 00:00:00+09:00,40000.0
2022-12-06 00:00:00+09:00,39400.0
2022-12-07 00:00:00+09:00,38550.0
2022-12-08 00:00:00+09:00,40350.0
2022-12-09 00:00:00+09:00,41050.0
2022-12-12 00:00:00+09:00,38800.0
2022-12-13 00:00:00+09:00,38100.0
2022-12-14 00:00:00+09:00,39400.0
2022-12-15 00:00:00+09:00,38950.0
2022-12-16 00:00:00+09:00,37800.0
2022-12-19 00:00:00+09:00,36900.0
2022-12-20 00:00:00+09:00,36800.0
2022-12-21 00:00:00+09:00,37500.0
2022-12-22 00:00:00+09:00,38050.0
2022-12-23 00:00:00+09:00,35300.0
2022-12-26 00:00:00+09:00,35400.0
2022-12-27 00:00:00+09:00,37100.0
2022-12-28 00:00:00+09:00,38300.0
2022-12-29 00:00:00+09:00,38250.0
2023-01-02 00:00:00+09:00,39600.0
2023-01-03 00:00:00+09:00,36300.0
2023-01-04 00:00:00+09:00,35600.0
2023-01-05 00:00:00+09:00,35200.0
2023-01-06 00:00:00+09:00,35550.0
2023-01-09 00:00:00+09:00,36200.0
2023-01-10 00:00:00+09:00,34700.0
2023-01-11 00:00:00+09:00,34900.0
2023-01-12 00:00:00+09:00,35750.0
2023-01-13 00:00:00+09:00,35250.0
2023-01-16 00:00:00+09:00,35850.0
2023-01-17 00:00:00+09:00,35250.0
2023-01-18 00:00:00+09:00,35450.0
2023-01-19 00:00:00+09:00,34850.0
2023-01-20 00:00:00+09:00,34000.0
2023-01-25 00:00:00+09:00,34650.0
2023-01-26 00:00:00+09:00,34900.0
2023-01-27 00:00:00+09:00,35600.0
2023-01-30 00:00:00+09:00,35100.0
2023-01-31 00:00:00+09:00,36700.0
2023-02-01 00:00:00+09:00,38050.0
2023-02-02 00:00:00+09:00,41400.0
2023-02-03 00:00:00+09:00,41200.0
2023-02-06 00:00:00+09:00,40250.0
2023-02-07 00:00:00+09:00,42150.0
2023-02-08 00:00:00+09:00,41700.0
2023-02-09 00:00:00+09:00,42100.0
2023-02-10 00:00:00+09:00,40500.0
2023-02-13 00:00:00+09:00,40200.0
2023-02-14 00:00:00+09:00,41000.0
2023-02-15 00:00:00+09:00,39450.0
2023-02-16 00:00:00+09:00,41350.0
2023-02-17 00:00:00+09:00,39850.0
2023-02-20 00:00:00+09:00,41300.0
2023-02-21 00:00:00+09:00,41400.0
2023-02-22 00:00:00+09:00,39000.0
2023-02-23 00:00:00+09:00,39250.0
2023-02-24 00:00:00+09:00,38150.0
2023-02-27 00:00:00+09:00,37350.0
2023-02-28 00:00:00+09:00,37650.0
2023-03-02 00:00:00+09:00,36400.0
2023-03-03 00:00:00+09:00,36900.0
2023-03-06 00:00:00+09:00,36850.0
2023-03-07 00:00:00+09:00,37400.0
2023-03-08 00:00:00+09:00,36100.0
2023-03-09 00:00:00+09:00,36650.0
2023-03-10 00:00:00+09:00,35500.0
2023-03-13 00:00:00+09:00,35500.0
2023-03-14 00:00:00+09:00,33350.0
2023-03-15 00:00:00+09:00,33500.0
2023-03-16 00:00:00+09:00,32000.0
2023-03-17 00:00:00+09:00,37100.0
2023-03-20 00:00:00+09:00,38150.0
2023-03-21 00:00:00+09:00,37850.0
2023-03-22 00:00:00+09:00,37900.0
2023-03-23 00:00:00+09:00,36800.0
2023-03-24 00:00:00+09:00,37050.0
2023-03-27 00:00:00+09:00,37900.0
2023-03-28 00:00:00+09:00,37550.0
2023-03-29 00:00:00+09:00,37100.0
2023-03-30 00:00:00+09:00,38000.0
2023-03-31 00:00:00+09:00,39650.0
2023-04-03 00:00:00+09:00,39150.0
2023-04-04 00:00:00+09:00,46000.0
2023-04-05 00:00:00+09:00,48800.0
2023-04-06 00:00:00+09:00,50200.0
2023-04-07 00:00:00+09:00,50700.0
2023-04-10 00:00:00+09:00,51200.0
2023-04-11 00:00:00+09:00,50900.0
2023-04-12 00:00:00+09:00,52000.0
2023-04-13 00:00:00+09:00,52100.0
2023-04-14 00:00:00+09:00,52600.0
2023-04-17 00:00:00+09:00,50500.0
2023-04-18 00:00:00+09:00,50600.0
2023-04-19 00:00:00+09:00,48200.0
2023-04-20 00:00:00+09:00,46800.0
2023-04-21 00:00:00+09:00,46200.0
2023-04-24 00:00:00+09:00,45000.0
2023-04-25 00:00:00+09:00,44400.0
2023-04-26 00:00:00+09:00,45300.0
2023-04-27 00:00:00+09:00,44300.0
2023-04-28 00:00:00+09:00,43500.0
2023-05-02 00:00:00+09:00,43550.0
2023-05-03 00:00:00+09:00,42100.0
2023-05-04 00:00:00+09:00,45850.0
2023-05-08 00:00:00+09:00,45250.0
2023-05-09 00:00:00+09:00,44850.0
2023-05-10 00:00:00+09:00,44200.0
2023-05-11 00:00:00+09:00,44300.0
2023-05-12 00:00:00+09:00,44100.0
2023-05-15 00:00:00+09:00,44700.0
2023-05-16 00:00:00+09:00,43700.0
2023-05-17 00:00:00+09:00,45300.0
2023-05-18 00:00:00+09:00,44100.0
2023-05-19 00:00:00+09:00,47200.0
2023-05-22 00:00:00+09:00,48350.0
2023-05-23 00:00:00+09:00,49200.0
2023-05-24 00:00:00+09:00,46500.0
2023-05-25 00:00:00+09:00,45850.0
2023-05-26 00:00:00+09:00,45650.0
2023-05-30 00:00:00+09:00,46050.0
2023-05-31 00:00:00+09:00,50500.0
2023-06-01 00:00:00+09:00,52800.0
2023-06-02 00:00:00+09:00,51800.0
2023-06-05 00:00:00+09:00,48050.0
2023-06-07 00:00:00+09:00,48150.0
2023-06-08 00:00:00+09:00,46800.0
2023-06-09 00:00:00+09:00,47100.0
2023-06-12 00:00:00+09:00,45600.0
2023-06-13 00:00:00+09:00,44800.0
2023-06-14 00:00:00+09:00,44200.0
2023-06-15 00:00:00+09:00,43600.0
2023-06-16 00:00:00+09:00,43600.0
2023-06-19 00:00:00+09:00,46000.0
2023-06-20 00:00:00+09:00,44000.0
2023-06-21 00:00:00+09:00,42200.0
2023-06-22 00:00:00+09:00,42650.0
2023-06-23 00:00:00+09:00,42250.0
2023-06-26 00:00:00+09:00,42400.0
2023-06-27 00:00:00+09:00,42000.0
2023-06-28 00:00:00+09:00,42350.0
2023-06-29 00:00:00+09:00,41850.0
2023-06-30 00:00:00+09:00,42950.0
2023-07-03 00:00:00+09:00,43050.0
2023-07-04 00:00:00+09:00,41850.0
2023-07-05 00:00:00+09:00,41150.0
2023-07-06 00:00:00+09:00,38950.0
2023-07-07 00:00:00+09:00,38600.0
2023-07-10 00:00:00+09:00,38100.0
2023-07-12 00:00:00+09:00,40300.0
2023-07-13 00:00:00+09:00,41600.0
2023-07-14 00:00:00+09:00,41000.0
2023-07-17 00:00:00+09:00,41100.0
2023-07-18 00:00:00+09:00,41150.0
2023-07-19 00:00:00+09:00,42050.0
2023-07-20 00:00:00+09:00,43200.0
2023-07-21 00:00:00+09:00,43950.0
2023-07-24 00:00:00+09:00,42200.0
2023-07-25 00:00:00+09:00,42600.0
2023-07-26 00:00:00+09:00,40550.0
2023-07-27 00:00:00+09:00,43250.0
2023-07-28 00:00:00+09:00,42400.0
2023-07-31 00:00:00+09:00,44600.0
2023-08-01 00:00:00+09:00,44050.0
2023-08-02 00:00:00+09:00,42150.0
2023-08-03 00:00:00+09:00,46100.0
2023-08-04 00:00:00+09:00,46000.0
2023-08-07 00:00:00+09:00,45450.0
2023-08-08 00:00:00+09:00,44950.0
2023-08-09 00:00:00+09:00,47450.0
2023-08-10 00:00:00+09:00,47700.0
2023-08-11 00:00:00+09:00,47500.0
2023-08-14 00:00:00+09:00,46300.0
2023-08-16 00:00:00+09:00,45900.0
2023-08-17 00:00:00+09:00,45100.0
2023-08-18 00:00:00+09:00,44150.0
2023-08-21 00:00:00+09:00,44950.0
2023-08-22 00:00:00+09:00,46450.0
2023-08-23 00:00:00+09:00,46400.0
2023-08-24 00:00:00+09:00,46650.0
2023-08-25 00:00:00+09:00,46600.0
2023-08-28 00:00:00+09:00,44000.0
2023-08-29 00:00:00+09:00,44650.0
2023-08-30 00:00:00+09:00,45750.0
2023-08-31 00:00:00+09:00,45250.0
2023-09-01 00:00:00+09:00,43750.0
2023-09-04 00:00:00+09:00,43050.0
2023-09-05 00:00:00+09:00,42650.0
2023-09-06 00:00:00+09:00,42400.0
2023-09-07 00:00:00+09:00,42500.0
2023-09-08 00:00:00+09:00,43950.0
2023-09-11 00:00:00+09:00,51900.0
2023-09-12 00:00:00+09:00,59600.0
2023-09-13 00:00:00+09:00,62200.0
2023-09-14 00:00:00+09:00,62600.0
2023-09-15 00:00:00+09:00,65500.0
2023-09-18 00:00:00+09:00,70400.0
2023-09-19 00:00:00+09:00,77100.0
2023-09-20 00:00:00+09:00,73900.0
2023-09-21 00:00:00+09:00,76500.0
2023-09-22 00:00:00+09:00,70400.0
2023-09-25 00:00:00+09:00,81000.0
2023-09-26 00:00:00+09:00,63300.0
2023-09-27 00:00:00+09:00,68100.0
2023-10-04 00:00:00+09:00,65300.0
2023-10-05 00:00:00+09:00,64600.0
2023-10-06 00:00:00+09:00,68300.0
2023-10-10 00:00:00+09:00,65200.0
2023-10-11 00:00:00+09:00,66200.0
2023-10-12 00:00:00+09:00,63200.0
2023-10-13 00:00:00+09:00,61500.0
2023-10-16 00:00:00+09:00,60900.0
2023-10-17 00:00:00+09:00,60000.0
2023-10-18 00:00:00+09:00,58100.0
2023-10-19 00:00:00+09:00,55900.0
2023-10-20 00:00:00+09:00,54900.0
2023-10-23 00:00:00+09:00,55400.0
2023-10-24 00:00:00+09:00,55600.0
2023-10-25 00:00:00+09:00,54800.0
2023-10-26 00:00:00+09:00,58800.0
2023-10-27 00:00:00+09:00,60000.0
2023-10-30 00:00:00+09:00,62200.0
2023-10-31 00:00:00+09:00,62400.0
2023-11-01 00:00:00+09:00,62800.0
2023-11-02 00:00:00+09:00,68200.0
2023-11-03 00:00:00+09:00,68800.0
2023-11-06 00:00:00+09:00,71900.0
2023-11-07 00:00:00+09:00,70600.0
2023-11-08 00:00:00+09:00,65500.0
2023-11-09 00:00:00+09:00,62200.0
2023-11-10 00:00:00+09:00,64700.0
2023-11-13 00:00:00+09:00,61500.0
2023-11-14 00:00:00+09:00,65500.0
2023-11-15 00:00:00+09:00,72300.0
2023-11-16 00:00:00+09:00,70100.0
2023-11-17 00:00:00+09:00,69200.0
2023-11-20 00:00:00+09:00,67900.0
2023-11-21 00:00:00+09:00,71700.0
2023-11-22 00:00:00+09:00,73500.0
2023-11-23 00:00:00+09:00,73100.0
2023-11-24 00:00:00+09:00,74100.0
2023-11-27 00:00:00+09:00,73100.0
2023-11-28 00:00:00+09:00,79000.0
2023-11-29 00:00:00+09:00,78600.0
2023-11-30 00:00:00+09:00,80000.0
2023-12-01 00:00:00+09:00,82600.0
2023-12-04 00:00:00+09:00,78500.0
2023-12-05 00:00:00+09:00,74500.0
2023-12-06 00:00:00+09:00,73600.0
2023-12-07 00:00:00+09:00,73400.0
2023-12-08 00:00:00+09:00,73900.0
2023-12-11 00:00:00+09:00,72700.0
2023-12-12 00:00:00+09:00,72100.0
2023-12-13 00:00:00+09:00,69600.0
2023-12-14 00:00:00+09:00,69400.0
2023-12-15 00:00:00+09:00,67800.0
2023-12-18 00:00:00+09:00,72400.0
2023-12-19 00:00:00+09:00,72300.0
2023-12-20 00:00:00+09:00,72800.0
2023-12-21 00:00:00+09:00,88100.0
2023-12-22 00:00:00+09:00,87900.0
2023-12-26 00:00:00+09:00,91900.0
2023-12-27 00:00:00+09:00,96600.0
2023-12-28 00:00:00+09:00,98500.0
2024-01-02 00:00:00+09:00,91500.0
2024-01-03 00:00:00+09:00,90500.0
2024-01-04 00:00:00+09:00,88500.0
2024-01-05 00:00:00+09:00,89500.0
2024-01-08 00:00:00+09:00,87300.0
2024-01-09 00:00:00+09:00,93000.0
2024-01-10 00:00:00+09:00,97300.0
2024-01-11 00:00:00+09:00,93700.0
2024-01-12 00:00:00+09:00,94800.0
2024-01-15 00:00:00+09:00,89300.0
2024-01-16 00:00:00+09:00,90400.0
2024-01-17 00:00:00+09:00,87800.0
2024-01-18 00:00:00+09:00,83000.0
2024-01-19 00:00:00+09:00,75600.0
2024-01-22 00:00:00+09:00,76500.0
2024-01-23 00:00:00+09:00,76000.0
2024-01-24 00:00:00+09:00,72500.0
2024-01-25 00:00:00+09:00,73600.0
2024-01-26 00:00:00+09:00,76600.0
2024-01-29 00:00:00+09:00,74500.0
2024-01-30 00:00:00+09:00,80800.0
2024-01-31 00:00:00+09:00,77300.0
2024-02-01 00:00:00+09:00,71400.0
2024-02-02 00:00:00+09:00,76400.0
2024-02-05 00:00:00+09:00,75900.0
2024-02-06 00:00:00+09:00,77300.0
2024-02-07 00:00:00+09:00,76700.0
2024-02-08 00:00:00+09:00,76800.0
2024-02-13 00:00:00+09:00,86600.0
2024-02-14 00:00:00+09:00,87000.0
2024-02-15 00:00:00+09:00,87500.0
2024-02-16 00:00:00+09:00,90700.0
2024-02-19 00:00:00+09:00,89400.0
2024-02-20 00:00:00+09:00,87100.0
2024-02-21 00:00:00+09:00,93900.0
2024-02-22 00:00:00+09:00,105000.0
2024-02-23 00:00:00+09:00,131200.0
2024-02-26 00:00:00+09:00,156600.0
2024-02-27 00:00:00+09:00,157500.0
2024-02-28 00:00:00+09:00,164500.0
2024-02-29 00:00:00+09:00,160600.0
2024-03-04 00:00:00+09:00,167200.0
2024-03-05 00:00:00+09:00,192200.0
2024-03-06 00:00:00+09:00,194200.0
2024-03-07 00:00:00+09:00,184400.0
2024-03-08 00:00:00+09:00,190800.0
2024-03-11 00:00:00+09:00,180000.0
2024-03-12 00:00:00+09:00,193500.0
2024-03-13 00:00:00+09:00,201000.0
2024-03-14 00:00:00+09:00,206500.0
2024-03-15 00:00:00+09:00,204500.0
2024-03-18 00:00:00+09:00,202000.0
2024-03-19 00:00:00+09:00,209000.0
2024-03-20 00:00:00+09:00,196100.0
2024-03-21 00:00:00+09:00,196800.0
2024-03-22 00:00:00+09:00,204000.0
2024-03-25 00:00:00+09:00,213500.0
2024-03-26 00:00:00+09:00,219500.0
2024-03-27 00:00:00+09:00,195600.0
2024-03-28 00:00:00+09:00,207500.0
2024-03-29 00:00:00+09:00,197400.0
2024-04-01 00:00:00+09:00,186300.0
2024-04-02 00:00:00+09:00,170000.0
2024-04-03 00:00:00+09:00,170600.0
2024-04-04 00:00:00+09:00,166500.0
2024-04-05 00:00:00+09:00,161000.0
2024-04-08 00:00:00+09:00,162300.0
2024-04-09 00:00:00+09:00,173200.0
2024-04-11 00:00:00+09:00,173500.0
2024-04-12 00:00:00+09:00,178700.0
2024-04-15 00:00:00+09:00,171300.0
2024-04-16 00:00:00+09:00,168300.0
2024-04-17 00:00:00+09:00,160800.0
2024-04-18 00:00:00+09:00,176200.0
2024-04-19 00:00:00+09:00,168400.0
2024-04-22 00:00:00+09:00,166300.0
2024-04-23 00:00:00+09:00,173900.0
2024-04-24 00:00:00+09:00,178300.0
2024-04-25 00:00:00+09:00,173700.0
2024-04-26 00:00:00+09:00,173700.0
2024-04-29 00:00:00+09:00,176500.0
2024-04-30 00:00:00+09:00,176900.0
2024-05-02 00:00:00+09:00,180800.0
2024-05-03 00:00:00+09:00,177200.0
2024-05-07 00:00:00+09:00,177300.0
2024-05-08 00:00:00+09:00,174100.0
2024-05-09 00:00:00+09:00,169900.0
2024-05-10 00:00:00+09:00,170200.0
2024-05-13 00:00:00+09:00,164400.0
2024-05-14 00:00:00+09:00,174500.0
2024-05-16 00:00:00+09:00,178000.0
2024-05-17 00:00:00+09:00,189600.0
2024-05-20 00:00:00+09:00,190000.0
2024-05-21 00:00:00+09:00,189400.0
2024-05-22 00:00:00+09:00,192300.0
2024-05-23 00:00:00+09:00,185900.0
2024-05-24 00:00:00+09:00,193100.0
2024-05-27 00:00:00+09:00,189800.0
2024-05-28 00:00:00+09:00,186000.0
2024-05-29 00:00:00+09:00,182100.0
2024-05-30 00:00:00+09:00,180000.0
2024-05-31 00:00:00+09:00,185900.0
2024-06-03 00:00:00+09:00,199000.0
2024-06-04 00:00:00+09:00,233500.0
2024-06-05 00:00:00+09:00,238000.0
2024-06-07 00:00:00+09:00,269000.0
2024-06-10 00:00:00+09:00,253000.0
2024-06-11 00:00:00+09:00,283500.0
2024-06-12 00:00:00+09:00,276000.0
2024-06-13 00:00:00+09:00,268500.0
2024-06-14 00:00:00+09:00,265000.0
2024-06-17 00:00:00+09:00,267500.0
2024-06-18 00:00:00+09:00,273500.0
2024-06-19 00:00:00+09:00,255000.0
2024-06-20 00:00:00+09:00,259500.0
2024-06-21 00:00:00+09:00,281000.0
2024-06-24 00:00:00+09:00,286000.0
2024-06-25 00:00:00+09:00,289500.0
2024-06-26 00:00:00+09:00,286000.0
2024-06-27 00:00:00+09:00,284500.0
2024-06-28 00:00:00+09:00,280500.0
2024-07-01 00:00:00+09:00,277500.0
2024-07-02 00:00:00+09:00,262500.0
2024-07-03 00:00:00+09:00,258500.0
2024-07-04 00:00:00+09:00,257000.0
2024-07-05 00:00:00+09:00,279000.0
2024-07-08 00:00:00+09:00,272500.0
2024-07-09 00:00:00+09:00,262500.0
2024-07-10 00:00:00+09:00,270000.0
2024-07-11 00:00:00+09:00,269500.0
2024-07-12 00:00:00+09:00,272500.0
2024-07-15 00:00:00+09:00,278500.0
2024-07-16 00:00:00+09:00,273000.0
2024-07-17 00:00:00+09:00,274000.0
2024-07-18 00:00:00+09:00,263000.0
2024-07-19 00:00:00+09:00,271500.0
2024-07-22 00:00:00+09:00,264000.0
2024-07-23 00:00:00+09:00,285000.0
2024-07-24 00:00:00+09:00,304500.0
2024-07-25 00:00:00+09:00,275500.0
2024-07-26 00:00:00+09:00,283500.0
2024-07-29 00:00:00+09:00,298500.0
2024-07-30 00:00:00+09:00,320500.0
2024-07-31 00:00:00+09:00,315000.0
2024-08-01 00:00:00+09:00,319000.0
2024-08-02 00:00:00+09:00,295000.0
2024-08-05 00:00:00+09:00,261500.0
2024-08-06 00:00:00+09:00,279000.0
2024-08-07 00:00:00+09:00,284000.0
2024-08-08 00:00:00+09:00,297000.0
2024-08-09 00:00:00+09:00,302000.0
2024-08-12 00:00:00+09:00,303000.0
2024-08-13 00:00:00+09:00,292500.0
2024-08-14 00:00:00+09:00,292500.0
2024-08-16 00:00:00+09:00,301000.0
2024-08-19 00:00:00+09:00,298500.0
2024-08-20 00:00:00+09:00,300500.0
2024-08-21 00:00:00+09:00,288500.0
2024-08-22 00:00:00+09:00,289000.0
2024-08-23 00:00:00+09:00,315000.0
2024-08-26 00:00:00+09:00,312500.0
2024-08-27 00:00:00+09:00,315000.0
2024-08-28 00:00:00+09:00,319000.0
2024-08-29 00:00:00+09:00,315500.0
2024-08-30 00:00:00+09:00,319000.0
2024-09-02 00:00:00+09:00,322000.0
2024-09-03 00:00:00+09:00,325500.0
2024-09-04 00:00:00+09:00,307500.0
2024-09-05 00:00:00+09:00,307000.0
2024-09-06 00:00:00+09:00,301000.0
2024-09-09 00:00:00+09:00,304500.0
2024-09-10 00:00:00+09:00,305000.0
2024-09-11 00:00:00+09:00,306000.0
2024-09-12 00:00:00+09:00,316000.0
2024-09-13 00:00:00+09:00,319500.0
2024-09-19 00:00:00+09:00,350000.0
2024-09-20 00:00:00+09:00,363000.0
2024-09-23 00:00:00+09:00,350000.0
2024-09-24 00:00:00+09:00,353000.0
2024-09-25 00:00:00+09:00,330500.0
2024-09-26 00:00:00+09:00,341000.0
2024-09-27 00:00:00+09:00,332000.0
2024-09-30 00:00:00+09:00,327000.0
2024-10-02 00:00:00+09:00,336000.0
2024-10-04 00:00:00+09:00,356000.0
2024-10-07 00:00:00+09:00,359500.0
2024-10-08 00:00:00+09:00,369000.0
2024-10-10 00:00:00+09:00,369000.0
2024-10-11 00:00:00+09:00,386000.0
2024-10-14 00:00:00+09:00,378500.0
2024-10-15 00:00:00+09:00,386500.0
2024-10-16 00:00:00+09:00,386000.0
2024-10-17 00:00:00+09:00,384000.0
2024-10-18 00:00:00+09:00,386500.0
2024-10-21 00:00:00+09:00,397500.0
2024-10-22 00:00:00+09:00,383500.0
2024-10-23 00:00:00+09:00,380500.0
2024-10-24 00:00:00+09:00,382000.0
2024-10-25 00:00:00+09:00,374000.0
2024-10-28 00:00:00+09:00,379000.0
2024-10-29 00:00:00+09:00,386000.0
2024-10-30 00:00:00+09:00,379000.0
2024-10-31 00:00:00+09:00,376500.0
2024-11-01 00:00:00+09:00,356500.0
2024-11-04 00:00:00+09:00,389500.0
2024-11-05 00:00:00+09:00,381000.0
2024-11-06 00:00:00+09:00,391500.0
2024-11-07 00:00:00+09:00,380000.0
2024-11-08 00:00:00+09:00,437000.0
2024-11-11 00:00:00+09:00,445500.0
2024-11-12 00:00:00+09:00,439500.0
2024-11-13 00:00:00+09:00,421500.0
2024-11-14 00:00:00+09:00,441500.0
2024-11-15 00:00:00+09:00,437500.0
