Date,Open,High,Low,Close,Volume
2019-12-13,152713.171875,153153.265625,149632.5,151392.890625,694659
2019-12-16,151392.890625,152273.078125,148752.3125,149632.5,396880
2019-12-17,150072.59375,157994.3125,149192.40625,157554.21875,1086743
2019-12-18,160194.796875,160194.796875,155793.84375,156233.9375,645522
2019-12-19,157994.3125,161074.984375,157114.125,158874.515625,782599
2019-12-20,159754.703125,161074.984375,158434.421875,160194.796875,628337
2019-12-23,161074.984375,166356.140625,161074.984375,164155.65625,990731
2019-12-24,165475.9375,166356.140625,161955.171875,162835.375,777949
2019-12-26,164595.75,167236.328125,162835.375,166796.234375,2429967
2019-12-27,169128.734375,172825.546875,166356.140625,170052.9375,1521649
2019-12-30,169128.734375,170977.140625,166818.234375,167280.34375,571202
2020-01-02,167280.34375,169128.734375,162659.328125,166356.140625,672825
2020-01-03,167742.4375,168666.640625,163583.53125,164045.640625,538890
2020-01-06,160810.9375,162197.234375,159424.625,159886.734375,622259
2020-01-07,161273.03125,165431.9375,160810.9375,164507.734375,494882
2020-01-08,161735.125,162659.328125,157576.234375,159886.734375,964206
2020-01-09,164507.734375,165894.03125,161735.125,163583.53125,562172
2020-01-10,164969.828125,164969.828125,161735.125,164045.640625,466486
2020-01-13,165431.9375,167280.34375,164969.828125,165894.03125,490294
2020-01-14,165894.03125,167742.4375,163583.53125,164507.734375,547756
2020-01-15,164507.734375,164969.828125,162659.328125,163121.4375,317621
2020-01-16,162659.328125,172363.4375,160810.9375,166818.234375,1377114
2020-01-17,166818.234375,167280.34375,160810.9375,161735.125,885177
2020-01-20,160810.9375,161735.125,158962.53125,159424.625,615139
2020-01-21,160810.9375,162197.234375,159424.625,159424.625,446895
2020-01-22,159424.625,163121.4375,159424.625,163121.4375,411730
2020-01-23,164045.640625,164045.640625,160810.9375,162197.234375,377934
2020-01-28,157576.234375,160348.828125,157114.125,157576.234375,733544
2020-01-29,159424.625,159886.734375,157114.125,158038.328125,530291
2020-01-30,158962.53125,159886.734375,152955.21875,154341.53125,683891
2020-01-31,155265.71875,158500.421875,152493.125,152493.125,636174
2020-02-03,149720.515625,154803.625,147872.125,153879.421875,738613
2020-02-04,154803.625,156652.03125,152493.125,154803.625,772755
2020-02-05,156189.921875,156652.03125,151106.828125,152031.03125,708630
2020-02-06,153417.328125,160810.9375,152955.21875,159424.625,899660
2020-02-07,160348.828125,160810.9375,157114.125,158500.421875,466058
2020-02-10,158038.328125,162197.234375,156652.03125,159886.734375,536833
2020-02-11,160810.9375,163121.4375,159424.625,160348.828125,468951
2020-02-12,160810.9375,161735.125,158962.53125,160810.9375,353034
2020-02-13,162197.234375,167280.34375,162197.234375,164969.828125,1314746
2020-02-14,164507.734375,168204.53125,164045.640625,167280.34375,698490
2020-02-17,168666.640625,173287.640625,168666.640625,171901.34375,863735
2020-02-18,172825.546875,172825.546875,168666.640625,170515.03125,595544
2020-02-19,171901.34375,172825.546875,166356.140625,167742.4375,799460
2020-02-20,168204.53125,168666.640625,163121.4375,165431.9375,814989
2020-02-21,163121.4375,167280.34375,162659.328125,163583.53125,485587
2020-02-24,159424.625,161273.03125,156189.921875,156189.921875,831713
2020-02-25,156189.921875,159886.734375,155727.828125,159424.625,615589
2020-02-26,157114.125,163583.53125,156189.921875,159886.734375,830920
2020-02-27,160348.828125,161735.125,156189.921875,157576.234375,712891
2020-02-28,155265.71875,158500.421875,154341.53125,157114.125,886240
2020-03-02,157576.234375,161735.125,155727.828125,161735.125,712121
2020-03-03,164969.828125,165431.9375,158962.53125,159424.625,709566
2020-03-04,158500.421875,161735.125,158038.328125,161273.03125,462052
2020-03-05,163583.53125,168204.53125,161273.03125,168204.53125,982999
2020-03-06,167742.4375,169128.734375,163583.53125,164045.640625,764810
2020-03-09,164045.640625,164045.640625,164045.640625,164045.640625,0
2020-03-10,158962.53125,167280.34375,156189.921875,167280.34375,1302736
2020-03-11,166356.140625,168204.53125,159886.734375,161735.125,883881
2020-03-12,161735.125,161735.125,161735.125,161735.125,0
2020-03-13,152493.125,160810.9375,144637.421875,157576.234375,2411278
2020-03-16,162659.328125,164507.734375,152955.21875,152955.21875,1140756
2020-03-17,146023.71875,158038.328125,146023.71875,155265.71875,1515034
2020-03-18,155265.71875,158038.328125,145099.515625,145099.515625,1314401
2020-03-19,151106.828125,152031.03125,128001.8046875,129388.1015625,3127283
2020-03-20,134471.203125,141402.71875,130312.3046875,140940.609375,2184780
2020-03-23,134471.203125,170515.03125,134009.109375,161735.125,7234270
2020-03-24,164969.828125,176060.25,163583.53125,170052.9375,4223876
2020-03-25,176522.34375,176984.4375,164045.640625,169128.734375,2526024
2020-03-26,168204.53125,176522.34375,164969.828125,167742.4375,2641275
2020-03-27,174211.84375,175598.140625,164969.828125,170052.9375,2085638
2020-03-30,168204.53125,172363.4375,167742.4375,170977.140625,1014670
2020-03-31,173287.640625,214876.671875,171439.234375,211641.96875,12044990
2020-04-01,216262.96875,218111.375,182991.75,182991.75,5635347
2020-04-02,171901.34375,183453.84375,168204.53125,180219.140625,9375269
2020-04-03,176984.4375,200551.5625,176984.4375,181143.34375,4492388
2020-04-06,187150.65625,196392.65625,185302.25,193157.953125,3006910
2020-04-07,192695.859375,198241.0625,187612.75,194082.15625,2387799
2020-04-08,194082.15625,195930.5625,191309.5625,191309.5625,1179508
2020-04-09,195468.453125,200089.46875,192695.859375,194544.265625,1459476
2020-04-10,197778.953125,198703.15625,187612.75,193620.0625,1884835
2020-04-13,194082.15625,208407.265625,192233.75,199165.265625,3933682
2020-04-14,203324.171875,203786.265625,195930.5625,199627.359375,1378472
2020-04-16,198241.0625,201013.65625,197316.859375,198703.15625,838797
2020-04-17,199165.265625,200089.46875,189923.25,195006.359375,1933010
2020-04-20,194544.265625,199627.359375,192233.75,195930.5625,988273
2020-04-21,196854.765625,201475.765625,191309.5625,195930.5625,1938440
2020-04-22,192233.75,201013.65625,192233.75,197778.953125,1216064
2020-04-23,199165.265625,200089.46875,196392.65625,197778.953125,687028
2020-04-24,197316.859375,200551.5625,194544.265625,195468.453125,1164959
2020-04-27,197316.859375,198703.15625,195468.453125,196392.65625,526172
2020-04-28,196392.65625,197778.953125,192233.75,193157.953125,786297
2020-04-29,193157.953125,195006.359375,191309.5625,194544.265625,708158
2020-05-04,192233.75,195006.359375,188074.859375,188074.859375,930929
2020-05-06,188999.046875,192233.75,185302.25,191309.5625,653523
2020-05-07,190385.359375,191309.5625,188074.859375,188536.953125,435736
2020-05-08,190385.359375,197778.953125,189461.15625,194544.265625,969193
2020-05-11,198703.15625,199165.265625,194082.15625,194544.265625,752053
2020-05-12,195930.5625,201013.65625,194544.265625,195006.359375,1063535
2020-05-13,195006.359375,198703.15625,194082.15625,198703.15625,825987
2020-05-14,198703.15625,200551.5625,195930.5625,200551.5625,1038012
2020-05-15,202399.96875,204710.46875,198703.15625,201013.65625,895410
2020-05-18,203324.171875,205172.5625,195930.5625,196854.765625,1070096
2020-05-19,196854.765625,198241.0625,193157.953125,196854.765625,767207
2020-05-20,198241.0625,202399.96875,197316.859375,201937.859375,716271
2020-05-21,201937.859375,203324.171875,199165.265625,201937.859375,573618
2020-05-22,203324.171875,204248.359375,196854.765625,199627.359375,689685
2020-05-25,199627.359375,199627.359375,197316.859375,198703.15625,401463
2020-05-26,199165.265625,200089.46875,196854.765625,198241.0625,522198
2020-05-27,195930.5625,197778.953125,195006.359375,196854.765625,640241
2020-05-28,196392.65625,197316.859375,190385.359375,195006.359375,775220
2020-05-29,195930.5625,197778.953125,193620.0625,197316.859375,714501
2020-06-01,197778.953125,214876.671875,196854.765625,210255.671875,3689950
2020-06-02,212566.171875,214876.671875,205172.5625,207483.0625,1207324
2020-06-03,213952.46875,217187.171875,207483.0625,210255.671875,1962244
2020-06-04,210255.671875,229201.78125,209793.578125,228277.578125,3286501
2020-06-05,225504.984375,240754.296875,224580.78125,237057.5,3137254
2020-06-08,240754.296875,243064.796875,233822.796875,236595.390625,1370934
2020-06-09,237519.59375,244451.09375,235671.1875,243526.890625,1456021
2020-06-10,243526.890625,249534.203125,241678.5,248147.90625,1155249
2020-06-11,258776.203125,276798.125,253693.109375,266169.8125,4257419
2020-06-12,258776.203125,280494.9375,257852.015625,274949.71875,4182834
2020-06-15,275411.8125,278184.4375,248147.90625,253231.0,3399550
2020-06-16,261548.8125,274487.625,261086.71875,271252.90625,2208402
2020-06-17,271715.03125,275411.8125,259238.3125,267556.125,1782155
2020-06-18,268480.3125,272177.125,264321.40625,265707.71875,848496
2020-06-19,267094.03125,270328.71875,259700.40625,269404.53125,1177004
2020-06-22,269404.53125,277260.21875,267556.125,274487.625,1261989
2020-06-23,282343.34375,304062.0625,279570.71875,294357.9375,4853190
2020-06-24,298978.9375,305910.4375,291585.34375,294820.03125,2116659
2020-06-25,291585.34375,298516.84375,290661.125,292047.4375,993689
2020-06-26,295744.25,296668.4375,284191.71875,288812.75,1003949
2020-06-29,292509.53125,301289.4375,287426.4375,287426.4375,1431763
2020-06-30,288350.625,290661.125,276336.03125,282805.4375,1641565
2020-07-01,284653.84375,285578.03125,273563.4375,274949.71875,1095055
2020-07-02,275411.8125,287888.53125,275411.8125,285115.9375,1227535
2020-07-03,287888.53125,288350.625,277722.3125,286040.125,823364
2020-07-06,285115.9375,289274.84375,281419.125,282343.34375,822107
2020-07-07,282343.34375,292047.4375,280032.8125,285115.9375,1086189
2020-07-08,288812.75,292047.4375,285115.9375,287888.53125,767998
2020-07-09,298054.75,303137.84375,293433.75,299441.03125,1771831
2020-07-10,303599.9375,306372.5625,292509.53125,299903.15625,1127945
2020-07-13,301751.53125,304524.15625,296668.4375,304062.0625,838804
2020-07-14,302213.65625,306372.5625,297592.65625,299441.03125,911945
2020-07-15,300365.25,301751.53125,290199.03125,292047.4375,1052526
2020-07-16,289736.9375,297130.53125,286964.34375,291123.25,794645
2020-07-17,293895.84375,304986.25,291123.25,303137.84375,1342878
2020-07-20,310993.5625,313766.15625,298054.75,298516.84375,1505299
2020-07-21,301751.53125,305910.4375,293895.84375,297130.53125,1317787
2020-07-22,298054.75,298516.84375,291123.25,297130.53125,810090
2020-07-23,297130.53125,301289.4375,292971.625,297592.65625,765402
2020-07-24,293433.75,303137.84375,292971.625,294820.03125,854044
2020-07-27,295744.25,296668.4375,292509.53125,292971.625,548979
2020-07-28,298978.9375,299441.03125,292047.4375,293433.75,720689
2020-07-29,290661.125,292971.625,275411.8125,278646.53125,2059515
2020-07-30,276798.125,287426.4375,265245.625,277260.21875,2947227
2020-07-31,277260.21875,282805.4375,273563.4375,274025.53125,891306
2020-08-03,271715.03125,278646.53125,262010.90625,276336.03125,1646339
2020-08-04,276798.125,283729.625,274487.625,279108.625,964602
2020-08-05,280957.03125,291123.25,280494.9375,291123.25,1150411
2020-08-06,295282.125,295744.25,286040.125,287426.4375,900976
2020-08-07,287426.4375,292971.625,284191.71875,290661.125,1042845
2020-08-10,296668.4375,299441.03125,289736.9375,291123.25,1321405
2020-08-11,291585.34375,294357.9375,288812.75,290199.03125,750272
2020-08-12,288812.75,289736.9375,278184.4375,279108.625,1213629
2020-08-13,279570.71875,295744.25,278646.53125,285115.9375,1898748
2020-08-14,284653.84375,288350.625,277260.21875,281419.125,1123070
2020-08-18,283729.625,292047.4375,278646.53125,280957.03125,1259221
2020-08-19,290199.03125,290661.125,280032.8125,280957.03125,952479
2020-08-20,280032.8125,292971.625,278184.4375,281881.21875,1848489
2020-08-21,284653.84375,285115.9375,273563.4375,278184.4375,1122654
2020-08-24,281419.125,287426.4375,278646.53125,286502.21875,880966
2020-08-25,286964.34375,287426.4375,281419.125,283267.53125,649263
2020-08-26,288350.625,295282.125,285578.03125,286964.34375,1365629
2020-08-27,286964.34375,287426.4375,280957.03125,281419.125,782148
2020-08-28,282805.4375,284653.84375,280494.9375,281419.125,603704
2020-08-31,281881.21875,282343.34375,274025.53125,274487.625,1168438
2020-09-01,274487.625,279108.625,272639.21875,275411.8125,723438
2020-09-02,276798.125,280957.03125,275411.8125,277722.3125,592573
2020-09-03,277722.3125,278646.53125,274949.71875,276798.125,538207
2020-09-04,269866.625,274487.625,269866.625,271715.03125,662466
2020-09-07,272639.21875,282805.4375,268942.40625,281881.21875,1099951
2020-09-08,280032.8125,297592.65625,274487.625,293895.84375,2919425
2020-09-09,290661.125,297592.65625,275411.8125,275873.9375,2686067
2020-09-10,276798.125,279570.71875,271715.03125,275873.9375,1349240
2020-09-11,275873.9375,284191.71875,274025.53125,275873.9375,1106643
2020-09-14,276336.03125,278184.4375,272177.125,273563.4375,549769
2020-09-15,274025.53125,276336.03125,271715.03125,273563.4375,446968
2020-09-16,274487.625,280032.8125,273563.4375,274487.625,474861
2020-09-17,276798.125,276798.125,268942.40625,269404.53125,742180
2020-09-18,276336.03125,278184.4375,269404.53125,269404.53125,816602
2020-09-21,269404.53125,270790.8125,256003.609375,257389.90625,1162389
2020-09-22,255541.5,261086.71875,243989.0,247685.796875,1447698
2020-09-23,248610.0,252306.8125,237057.5,245837.40625,1409228
2020-09-24,239830.09375,244451.09375,230125.984375,231050.1875,1429911
2020-09-25,233360.6875,244451.09375,232898.59375,238905.890625,1353969
2020-09-28,249072.109375,249072.109375,235209.09375,235671.1875,1122931
2020-09-29,237057.5,238905.890625,231974.390625,237981.6875,743169
2020-10-05,239368.0,240754.296875,231974.390625,235209.09375,691460
2020-10-06,236133.296875,239368.0,235209.09375,238443.796875,602376
2020-10-07,239368.0,241678.5,237057.5,240754.296875,532955
2020-10-08,243064.796875,250920.5,242140.59375,242140.59375,946752
2020-10-12,246299.5,253693.109375,243526.890625,252768.90625,838373
2020-10-13,255079.40625,255079.40625,248147.90625,249996.296875,585839
2020-10-14,248610.0,249072.109375,241678.5,242140.59375,633310
2020-10-15,241216.390625,243064.796875,234746.984375,235671.1875,678503
2020-10-16,235209.09375,242602.703125,234746.984375,237057.5,587685
2020-10-19,237057.5,241678.5,235209.09375,236133.296875,560237
2020-10-20,232898.59375,233822.796875,222270.28125,226891.28125,1315047
2020-10-21,225504.984375,227815.484375,222270.28125,225504.984375,676895
2020-10-22,223194.484375,226891.28125,218111.375,219497.671875,899862
2020-10-23,220421.875,223656.578125,215800.875,219959.78125,782626
2020-10-26,224580.78125,230125.984375,218573.484375,219959.78125,1022969
2020-10-27,219497.671875,226429.1875,216262.96875,220883.984375,744406
2020-10-28,222732.375,224580.78125,220883.984375,224118.6875,461509
2020-10-29,221346.078125,236595.390625,220883.984375,233822.796875,1067028
2020-10-30,233822.796875,234284.890625,222732.375,222732.375,892787
2020-11-02,224118.6875,230125.984375,221808.1875,225967.078125,526214
2020-11-03,228277.578125,239830.09375,227815.484375,239368.0,1099731
2020-11-04,243064.796875,250458.40625,240292.1875,249996.296875,1435509
2020-11-05,252306.8125,253231.0,246299.5,251382.609375,1044961
2020-11-06,253693.109375,262473.0,249996.296875,256465.703125,1287314
2020-11-09,261086.71875,266169.8125,260162.515625,263397.21875,959008
2020-11-10,262010.90625,263859.3125,255079.40625,255541.5,1131811
2020-11-11,256003.609375,278184.4375,254617.3125,274025.53125,2992421
2020-11-12,272639.21875,274025.53125,267094.03125,269866.625,1108978
2020-11-13,267556.125,272177.125,262010.90625,268018.21875,900742
2020-11-16,268942.40625,272177.125,266169.8125,266631.90625,639083
2020-11-17,264783.5,270790.8125,261086.71875,264321.40625,992543
2020-11-18,265707.71875,270790.8125,263397.21875,268942.40625,685862
2020-11-19,276336.03125,278184.4375,270328.71875,271715.03125,1091125
2020-11-20,271252.90625,274949.71875,270790.8125,274025.53125,578252
2020-11-23,277260.21875,280957.03125,275873.9375,278184.4375,1060962
2020-11-24,281881.21875,281881.21875,275411.8125,278646.53125,915414
2020-11-25,280957.03125,347499.46875,280494.9375,304986.25,11605716
2020-11-26,309607.25,312379.84375,298516.84375,304524.15625,3006647
2020-11-27,304524.15625,310531.4375,304062.0625,308683.0625,1436247
2020-11-30,311917.75,328553.375,311455.65625,314228.25,3313151
2020-12-01,319773.46875,324856.5625,312379.84375,317925.0625,1344913
2020-12-02,319311.375,321621.875,315152.46875,320697.65625,1242752
2020-12-03,318849.25,332250.15625,317000.84375,324394.46875,1844145
2020-12-04,329015.46875,356279.375,328553.375,351196.28125,5122919
2020-12-07,366445.59375,372915.0,351196.28125,372915.0,3749550
2020-12-08,365983.5,371990.8125,320697.65625,323470.25,4978333
2020-12-09,325318.65625,336871.1875,302213.65625,326704.96875,3894584
2020-12-10,318387.15625,340567.96875,317925.0625,332712.28125,2225371
2020-12-11,345188.96875,345188.96875,333174.375,333636.46875,1207824
2020-12-14,338719.5625,342416.375,323470.25,330401.78125,1813647
2020-12-15,332712.28125,334560.6875,315614.5625,332712.28125,2633768
2020-12-16,336409.0625,337333.28125,325780.75,326704.96875,1369728
2020-12-17,322083.96875,329477.5625,320235.5625,324856.5625,985292
2020-12-18,326242.875,330401.78125,324394.46875,329015.46875,997482
2020-12-21,333636.46875,344264.78125,329477.5625,339181.6875,2170257
2020-12-22,340105.875,342878.46875,331788.0625,331788.0625,1469893
2020-12-23,336409.0625,338257.46875,327167.0625,328091.28125,1542215
2020-12-24,328553.375,330863.875,317462.96875,321159.75,2246544
2020-12-28,323008.15625,332712.28125,299441.03125,308220.9375,7893990
2020-12-29,339837.84375,344079.9375,327111.625,339837.84375,6073085
2020-12-30,341723.21875,344079.9375,330882.34375,338423.84375,2235997
2021-01-04,331353.6875,334181.75,323340.875,327582.96875,2128477
2021-01-05,331353.6875,335595.78125,325226.25,334181.75,1332127
2021-01-06,336538.46875,338895.1875,333239.0625,333239.0625,1036961
2021-01-07,334653.09375,338895.1875,330882.34375,337009.8125,1014706
2021-01-08,338895.1875,348793.375,335595.78125,345965.3125,1824497
2021-01-11,355392.15625,364347.65625,345965.3125,352564.09375,2784367
2021-01-12,358691.5625,364819.0,348793.375,361990.9375,2625656
2021-01-13,358220.21875,367647.0625,353506.78125,359634.25,2210293
2021-01-14,345022.625,352564.09375,330882.34375,332296.375,3633828
2021-01-15,328996.96875,329468.3125,306843.90625,310143.28125,3604896
2021-01-18,308729.25,326168.9375,296003.03125,296003.03125,2759332
2021-01-19,290346.90625,298831.0625,279506.03125,294589.0,3500873
2021-01-20,297417.03125,305429.875,290346.90625,293174.96875,1480265
2021-01-21,296003.03125,299302.40625,288932.875,294117.65625,1149828
2021-01-22,294589.0,297417.03125,290346.90625,292232.28125,886024
2021-01-25,293646.3125,303544.5,293174.96875,302601.8125,998347
2021-01-26,308729.25,315799.40625,303073.15625,304015.84375,1332410
2021-01-27,307315.21875,313914.03125,299773.75,310143.28125,1075609
2021-01-28,301187.78125,318627.4375,297888.375,315328.0625,1579446
2021-01-29,315328.0625,319570.125,304015.84375,305429.875,1142386
2021-02-01,314856.71875,361048.25,313914.03125,349736.0625,6384531
2021-02-02,348793.375,348793.375,332296.375,335124.4375,2462742
2021-02-03,337009.8125,338895.1875,318627.4375,327582.96875,2039349
2021-02-04,325226.25,329468.3125,318156.09375,321926.84375,1166433
2021-02-05,327582.96875,334653.09375,315799.40625,321926.84375,2118861
2021-02-08,329939.65625,331353.6875,316742.09375,316742.09375,832259
2021-02-09,316742.09375,318156.09375,309200.59375,309200.59375,1044654
2021-02-10,307786.5625,312971.34375,305901.21875,312971.34375,779544
2021-02-15,320512.8125,323812.21875,313914.03125,313914.03125,1260453
2021-02-16,315799.40625,316270.75,305901.21875,306372.5625,877848
2021-02-17,305901.21875,310143.28125,297417.03125,303073.15625,1009058
2021-02-18,301659.125,307786.5625,296474.34375,296474.34375,711885
2021-02-19,292703.625,300245.09375,288461.53125,300245.09375,907602
2021-02-22,303544.5,304015.84375,290818.25,291760.9375,769186
2021-02-23,293174.96875,294589.0,279034.6875,279034.6875,1338645
2021-02-24,275735.28125,283748.125,265837.09375,265837.09375,1585750
2021-02-25,273849.9375,291289.59375,270079.1875,290346.90625,1461929
2021-02-26,282805.4375,286576.15625,275263.9375,280448.71875,1127022
2021-03-02,285162.15625,289404.21875,271964.5625,274792.59375,964456
2021-03-03,275735.28125,288461.53125,273378.59375,285633.46875,931467
2021-03-04,285633.46875,292232.28125,280448.71875,288932.875,819383
2021-03-05,287518.84375,289404.21875,282805.4375,284219.46875,498336
2021-03-08,286576.15625,286576.15625,273849.9375,274321.28125,632110
2021-03-09,271493.21875,275263.9375,264423.0625,271021.875,905171
2021-03-10,274792.59375,279506.03125,267722.46875,269136.5,524990
2021-03-11,269136.5,279506.03125,268193.8125,276206.625,700807
2021-03-12,279034.6875,283748.125,276206.625,279977.375,442291
2021-03-15,279506.03125,279977.375,272435.90625,272435.90625,503361
2021-03-16,273849.9375,280920.0625,272435.90625,279506.03125,435775
2021-03-17,279506.03125,280920.0625,274321.28125,276677.96875,382459
2021-03-18,278563.34375,282334.09375,275263.9375,275263.9375,426203
2021-03-19,271493.21875,273849.9375,267722.46875,270550.53125,486915
2021-03-22,273378.59375,277620.65625,269607.84375,272435.90625,494052
2021-03-23,277149.3125,286576.15625,274321.28125,275735.28125,761835
2021-03-24,277149.3125,284690.8125,275263.9375,282805.4375,601734
2021-03-25,284219.46875,289875.5625,281862.75,289875.5625,621116
2021-03-26,293646.3125,298359.71875,286576.15625,296003.03125,864956
2021-03-29,313442.6875,315328.0625,303544.5,311557.3125,1895253
2021-03-30,309671.9375,310143.28125,304487.1875,304958.53125,652346
2021-03-31,307786.5625,311085.96875,304015.84375,305901.21875,561777
2021-04-01,304958.53125,308729.25,299773.75,305901.21875,561049
2021-04-02,305901.21875,307315.21875,299773.75,302130.46875,530878
2021-04-05,299773.75,300716.4375,289404.21875,290346.90625,760436
2021-04-06,291289.59375,295060.34375,284690.8125,286104.8125,673595
2021-04-07,286576.15625,294117.65625,285633.46875,288461.53125,485863
2021-04-08,288932.875,293646.3125,285633.46875,293646.3125,516125
2021-04-09,294589.0,296474.34375,291289.59375,291760.9375,368197
2021-04-12,291760.9375,293174.96875,288461.53125,292703.625,363117
2021-04-13,294589.0,300716.4375,291289.59375,297888.375,608386
2021-04-14,298831.0625,300716.4375,295060.34375,296945.6875,432737
2021-04-15,296474.34375,296945.6875,291289.59375,291760.9375,580332
2021-04-16,292703.625,294117.65625,288932.875,290346.90625,401129
2021-04-19,290346.90625,295531.6875,287990.1875,291760.9375,604034
2021-04-20,288932.875,290346.90625,282334.09375,282805.4375,1122387
2021-04-21,278563.34375,280448.71875,273378.59375,273849.9375,1065653
2021-04-22,275263.9375,277620.65625,270550.53125,271493.21875,818974
2021-04-23,271493.21875,274321.28125,268665.15625,271493.21875,553240
2021-04-26,271493.21875,271964.5625,267722.46875,268665.15625,760582
2021-04-27,268665.15625,269136.5,257824.28125,258295.625,1426358
2021-04-28,256881.59375,265837.09375,250754.140625,254524.890625,1455139
2021-04-29,254996.234375,261123.6875,248868.78125,253110.859375,1099780
2021-04-30,254524.890625,257352.9375,249811.46875,250754.140625,741345
2021-05-03,249811.46875,252639.515625,234257.171875,235199.84375,2048542
2021-05-04,231429.109375,245569.375,230015.078125,245098.046875,1939289
2021-05-06,245098.046875,246512.0625,236613.875,238027.90625,1223202
2021-05-07,238970.59375,256410.25,238499.25,251225.484375,1380112
2021-05-10,260652.34375,261595.015625,253582.203125,259238.3125,1019716
2021-05-11,257824.28125,260652.34375,251225.484375,254996.234375,732071
2021-05-12,254996.234375,258766.96875,246512.0625,247454.75,818655
2021-05-13,245569.375,254996.234375,245098.046875,249811.46875,914587
2021-05-14,249811.46875,255938.90625,246512.0625,254996.234375,606127
2021-05-17,258295.625,261123.6875,253582.203125,254053.546875,605989
2021-05-18,249811.46875,257824.28125,248397.4375,256410.25,465928
2021-05-20,253582.203125,256881.59375,253110.859375,254524.890625,430171
2021-05-21,256410.25,260181.0,253110.859375,253110.859375,481443
2021-05-24,253582.203125,253582.203125,246512.0625,246983.40625,481723
2021-05-25,247926.09375,256410.25,246040.71875,256410.25,568565
2021-05-26,254524.890625,257352.9375,252639.515625,254996.234375,302433
2021-05-27,254996.234375,256410.25,249811.46875,253582.203125,544069
2021-05-28,254053.546875,260181.0,252639.515625,257824.28125,632461
2021-05-31,259238.3125,262066.359375,258295.625,258766.96875,459250
2021-06-01,258766.96875,259709.65625,254524.890625,256881.59375,349696
2021-06-02,255938.90625,256881.59375,251225.484375,251225.484375,571881
2021-06-03,250754.140625,256410.25,248868.78125,251225.484375,542032
2021-06-04,250282.8125,253110.859375,247926.09375,251696.828125,484049
2021-06-07,252639.515625,254053.546875,248397.4375,249340.125,372298
2021-06-08,249811.46875,255467.578125,249811.46875,253582.203125,578137
2021-06-09,254996.234375,255938.90625,246512.0625,246512.0625,641629
2021-06-10,248397.4375,251696.828125,246040.71875,250282.8125,591533
2021-06-11,251696.828125,255938.90625,249340.125,250282.8125,517935
2021-06-14,256881.59375,265365.75,253582.203125,264894.40625,1615572
2021-06-15,264894.40625,265365.75,259238.3125,259238.3125,647719
2021-06-16,258766.96875,258766.96875,254524.890625,255938.90625,423914
2021-06-17,254524.890625,256410.25,253110.859375,253582.203125,411221
2021-06-18,253582.203125,256410.25,253582.203125,254524.890625,505145
2021-06-21,254524.890625,265365.75,253110.859375,264423.0625,1067135
2021-06-22,263951.75,264423.0625,257824.28125,258295.625,566895
2021-06-23,259238.3125,267722.46875,258295.625,265365.75,1013144
2021-06-24,266779.78125,268193.8125,259709.65625,262537.71875,584326
2021-06-25,263480.40625,264894.40625,246040.71875,250282.8125,1181585
2021-06-28,253110.859375,255467.578125,250282.8125,250754.140625,549422
2021-06-29,250754.140625,252639.515625,248397.4375,249811.46875,362390
2021-06-30,250282.8125,255467.578125,249340.125,253110.859375,413503
2021-07-01,254524.890625,254524.890625,249340.125,252168.171875,499296
2021-07-02,252168.171875,252168.171875,249340.125,250754.140625,374235
2021-07-05,251696.828125,261123.6875,251696.828125,257352.9375,629576
2021-07-06,256410.25,256881.59375,251696.828125,251696.828125,548043
2021-07-07,252168.171875,253582.203125,250754.140625,251225.484375,328486
2021-07-08,252639.515625,254053.546875,250754.140625,250754.140625,475466
2021-07-09,248868.78125,250282.8125,243212.671875,246983.40625,704337
2021-07-12,250282.8125,252168.171875,247454.75,247454.75,320000
2021-07-13,250282.8125,252168.171875,247454.75,247926.09375,363653
2021-07-14,247926.09375,248868.78125,245098.046875,246040.71875,387167
2021-07-15,246983.40625,254524.890625,246512.0625,251225.484375,485853
2021-07-16,249340.125,256410.25,247454.75,253582.203125,613184
2021-07-19,255938.90625,256410.25,247926.09375,247926.09375,491348
2021-07-20,251225.484375,259709.65625,250754.140625,257352.9375,1181499
2021-07-21,260181.0,260181.0,252168.171875,252168.171875,557319
2021-07-22,254053.546875,254524.890625,251225.484375,254053.546875,317731
2021-07-23,253582.203125,255938.90625,252639.515625,253110.859375,263056
2021-07-26,253582.203125,254524.890625,248868.78125,248868.78125,351352
2021-07-27,251225.484375,253582.203125,247454.75,248397.4375,311389
2021-07-28,248397.4375,249811.46875,245569.375,246512.0625,353475
2021-07-29,246512.0625,248397.4375,246040.71875,246512.0625,249058
2021-07-30,246512.0625,246983.40625,238970.59375,238970.59375,665974
2021-08-02,240855.953125,248868.78125,240855.953125,248397.4375,487099
2021-08-03,248397.4375,249811.46875,245569.375,249811.46875,296956
2021-08-04,249811.46875,256881.59375,249340.125,254053.546875,528052
2021-08-05,254524.890625,259238.3125,253110.859375,253582.203125,436894
2021-08-06,255467.578125,257352.9375,252168.171875,255938.90625,352577
2021-08-09,254996.234375,255467.578125,249340.125,250754.140625,373162
2021-08-10,251225.484375,256410.25,250754.140625,254524.890625,487887
2021-08-11,256410.25,269607.84375,254996.234375,266779.78125,1984739
2021-08-12,271964.5625,274321.28125,263951.75,265365.75,1132675
2021-08-13,267722.46875,270079.1875,258766.96875,259709.65625,854165
2021-08-17,258295.625,266779.78125,255467.578125,258295.625,833700
2021-08-18,259238.3125,261123.6875,254524.890625,258295.625,446317
2021-08-19,255938.90625,263480.40625,254524.890625,255467.578125,531228
2021-08-20,257824.28125,260652.34375,249811.46875,250754.140625,687085
2021-08-23,253582.203125,270079.1875,253582.203125,267722.46875,1438196
2021-08-24,271493.21875,271964.5625,263480.40625,266308.4375,744225
2021-08-25,266308.4375,266308.4375,260181.0,265837.09375,476838
2021-08-26,265837.09375,272435.90625,264423.0625,268193.8125,641927
2021-08-27,268665.15625,279977.375,266308.4375,277620.65625,1275979
2021-08-30,280448.71875,283276.78125,273849.9375,274321.28125,825009
2021-08-31,275735.28125,277149.3125,271493.21875,276206.625,646917
2021-09-01,276206.625,278563.34375,272435.90625,273849.9375,446640
2021-09-02,271964.5625,275735.28125,270079.1875,271493.21875,447882
2021-09-03,272435.90625,273849.9375,266779.78125,266779.78125,467224
2021-09-06,266308.4375,268665.15625,260652.34375,262537.71875,441998
2021-09-07,263009.0625,265837.09375,260181.0,263480.40625,366478
2021-09-08,262066.359375,263951.75,257352.9375,257824.28125,493941
2021-09-09,256410.25,259709.65625,251696.828125,253582.203125,631417
2021-09-10,254053.546875,255467.578125,250282.8125,252168.171875,418048
2021-09-13,251225.484375,251696.828125,245569.375,246983.40625,536245
2021-09-14,246512.0625,249811.46875,245569.375,247926.09375,442018
2021-09-15,250754.140625,259709.65625,250282.8125,256881.59375,611310
2021-09-16,260181.0,260181.0,251225.484375,251696.828125,375745
2021-09-17,255467.578125,260181.0,254524.890625,259709.65625,710437
2021-09-23,270550.53125,274321.28125,266308.4375,268193.8125,1308060
2021-09-24,268665.15625,269136.5,258295.625,258766.96875,672437
2021-09-27,256410.25,256881.59375,251696.828125,252168.171875,543562
2021-09-28,249811.46875,254053.546875,247926.09375,248397.4375,546958
2021-09-29,244626.703125,249811.46875,244626.703125,246040.71875,500641
2021-09-30,245098.046875,247926.09375,244155.359375,244626.703125,489452
2021-10-01,243212.671875,243684.015625,233314.484375,233785.828125,1082445
2021-10-05,226244.34375,226715.6875,203619.90625,205505.28125,2562319
2021-10-06,205976.625,214460.78125,199849.171875,199849.171875,1945844
2021-10-07,202677.21875,206919.3125,199377.828125,200791.859375,1137765
2021-10-08,203148.5625,212104.078125,203148.5625,211161.390625,1052511
2021-10-12,209747.359375,210218.703125,200791.859375,202205.875,826133
2021-10-13,199377.828125,205505.28125,199377.828125,203148.5625,489027
2021-10-14,204562.59375,210218.703125,203148.5625,209276.015625,598048
2021-10-15,211161.390625,212104.078125,206447.96875,207390.65625,453373
2021-10-18,208333.328125,208333.328125,202677.21875,204091.25,438029
2021-10-19,204562.59375,205976.625,201263.203125,205505.28125,511908
2021-10-20,206919.3125,212575.421875,205976.625,206447.96875,554772
2021-10-21,207390.65625,208333.328125,205033.9375,205033.9375,361257
2021-10-22,204562.59375,207861.984375,202205.875,206919.3125,311066
2021-10-25,206919.3125,207390.65625,202677.21875,204091.25,357000
2021-10-26,205505.28125,212104.078125,205033.9375,209747.359375,576107
2021-10-27,209747.359375,209747.359375,205976.625,206447.96875,282657
2021-10-28,207390.65625,207861.984375,203148.5625,203148.5625,405528
2021-10-29,204562.59375,204562.59375,188536.953125,189008.296875,1591970
2021-11-01,189008.296875,196549.78125,184766.21875,193721.71875,914929
2021-11-02,194193.0625,199849.171875,192779.03125,194664.40625,861770
2021-11-03,195135.75,198906.484375,192307.6875,197963.796875,429764
2021-11-04,198435.140625,202677.21875,195135.75,196549.78125,452576
2021-11-05,196549.78125,197492.453125,191836.34375,197021.109375,518496
2021-11-08,190422.328125,191365.0,182409.5,185708.90625,1252861
2021-11-09,187122.921875,195607.09375,186180.234375,193721.71875,745911
2021-11-10,198435.140625,208333.328125,197021.109375,201734.546875,1352236
2021-11-11,197963.796875,202677.21875,195607.09375,200320.515625,722591
2021-11-12,218702.859375,219174.203125,200791.859375,201263.203125,1689708
2021-11-15,213989.4375,236613.875,208804.671875,219645.546875,4752224
2021-11-16,218702.859375,221530.921875,213046.75,215874.8125,1070529
2021-11-17,214460.78125,216817.5,205976.625,206447.96875,972578
2021-11-18,204091.25,208804.671875,202677.21875,202677.21875,574627
2021-11-19,203148.5625,210690.046875,203148.5625,210218.703125,685993
2021-11-22,208333.328125,214460.78125,206447.96875,212104.078125,600584
2021-11-23,206447.96875,207861.984375,194664.40625,199377.828125,1512885
2021-11-24,198435.140625,202205.875,196549.78125,198906.484375,712604
2021-11-25,199377.828125,201734.546875,196549.78125,197021.109375,504618
2021-11-26,197021.109375,205976.625,196078.4375,201734.546875,923689
2021-11-29,207861.984375,211632.734375,199849.171875,200320.515625,1112946
2021-11-30,205505.28125,205976.625,193721.71875,195135.75,1219332
2021-12-01,198906.484375,205505.28125,197492.453125,199377.828125,891111
2021-12-02,197963.796875,201734.546875,194664.40625,200791.859375,554055
2021-12-03,198906.484375,200320.515625,194664.40625,198435.140625,671928
2021-12-06,196078.4375,198435.140625,193250.375,194664.40625,594340
2021-12-07,194664.40625,194664.40625,189479.640625,191836.34375,733735
2021-12-08,192779.03125,197963.796875,192779.03125,195607.09375,666554
2021-12-09,196078.4375,200320.515625,194664.40625,198906.484375,860244
2021-12-10,198906.484375,199377.828125,195135.75,196078.4375,403992
2021-12-13,197963.796875,198435.140625,192779.03125,193250.375,435797
2021-12-14,193250.375,196549.78125,192779.03125,194193.0625,363396
2021-12-15,193721.71875,198435.140625,193721.71875,194664.40625,459035
2021-12-16,196078.4375,197021.109375,193250.375,194193.0625,348129
2021-12-17,193250.375,196549.78125,191365.0,195135.75,555536
2021-12-20,194664.40625,199377.828125,193721.71875,194193.0625,580994
2021-12-21,195135.75,195607.09375,192779.03125,193250.375,376769
2021-12-22,193721.71875,194193.0625,188065.609375,189008.296875,753717
2021-12-23,187594.265625,192779.03125,183823.53125,189479.640625,740733
2021-12-24,189479.640625,191836.34375,189479.640625,189479.640625,418409
2021-12-27,188536.953125,193250.375,188065.609375,192307.6875,961291
2021-12-28,192779.03125,203619.90625,192307.6875,203619.90625,2094247
2021-12-29,199519.234375,200000.0,192788.46875,193269.234375,1696352
2021-12-30,194230.765625,194230.765625,190384.609375,190384.609375,812124
2022-01-04,188942.3125,191826.921875,186538.46875,187019.234375,684912
2022-01-05,186057.6875,186057.6875,179807.6875,180288.46875,1158066
2022-01-06,175961.53125,178846.15625,172115.390625,174038.46875,1088259
2022-01-07,175000.0,178846.15625,174519.234375,175480.765625,536050
2022-01-10,175961.53125,184134.609375,173557.6875,179807.6875,909339
2022-01-11,182692.3125,190865.390625,182211.53125,188942.3125,1089564
2022-01-12,189903.84375,190865.390625,185576.921875,189423.078125,465498
2022-01-13,189423.078125,189903.84375,184615.390625,187500.0,498299
2022-01-14,183173.078125,183653.84375,163461.53125,164423.078125,2631940
2022-01-17,159134.609375,166346.15625,153365.390625,153846.15625,2757164
2022-01-18,156730.765625,161057.6875,152403.84375,153365.390625,1619283
2022-01-19,150000.0,163461.53125,149519.234375,160576.921875,1589500
2022-01-20,159134.609375,160096.15625,154807.6875,158653.84375,824058
2022-01-21,162019.234375,163461.53125,155769.234375,157211.53125,778230
2022-01-24,156250.0,161057.6875,155288.46875,160096.15625,643769
2022-01-25,160576.921875,160576.921875,151442.3125,152403.84375,858247
2022-01-26,152403.84375,152403.84375,152403.84375,152403.84375,0
2022-01-27,150000.0,150961.53125,141346.15625,141826.921875,1113349
2022-01-28,142788.46875,147115.390625,142788.46875,145192.3125,828072
2022-02-03,147596.15625,154326.921875,147115.390625,150961.53125,719225
2022-02-04,150961.53125,154326.921875,148557.6875,152403.84375,371914
2022-02-07,156250.0,156250.0,150000.0,150961.53125,534232
2022-02-08,150961.53125,150961.53125,150961.53125,150961.53125,0
2022-02-09,150961.53125,150961.53125,150961.53125,150961.53125,0
2022-02-10,154807.6875,157211.53125,153846.15625,154326.921875,411221
2022-02-11,156250.0,156250.0,151923.078125,152403.84375,390861
2022-02-14,149038.46875,155769.234375,148557.6875,152403.84375,407381
2022-02-15,151923.078125,152884.609375,146153.84375,147596.15625,624499
2022-02-16,150480.765625,154326.921875,149519.234375,151923.078125,502010
2022-02-17,152884.609375,156250.0,148557.6875,153365.390625,637864
2022-02-18,150961.53125,152403.84375,149038.46875,151442.3125,320773
2022-02-21,151442.3125,151442.3125,151442.3125,151442.3125,0
2022-02-22,151442.3125,151442.3125,151442.3125,151442.3125,0
2022-02-23,151442.3125,151442.3125,151442.3125,151442.3125,0
2022-02-24,150961.53125,151442.3125,144230.765625,145192.3125,808448
2022-02-25,148076.921875,149519.234375,146634.609375,149519.234375,423125
2022-02-28,149519.234375,149519.234375,149519.234375,149519.234375,0
2022-03-02,153365.390625,156730.765625,152884.609375,152884.609375,302962
2022-03-03,152884.609375,167788.46875,152884.609375,164423.078125,1246105
2022-03-04,164423.078125,164423.078125,164423.078125,164423.078125,0
2022-03-07,158173.078125,162500.0,156250.0,158653.84375,442546
2022-03-08,157211.53125,167307.6875,156250.0,163461.53125,714031
2022-03-10,163461.53125,163461.53125,163461.53125,163461.53125,0
2022-03-11,166826.921875,173076.921875,164423.078125,166346.15625,835157
2022-03-14,176442.3125,181250.0,171634.609375,173557.6875,1509335
2022-03-15,173557.6875,173557.6875,173557.6875,173557.6875,0
2022-03-16,175000.0,175480.765625,172115.390625,174038.46875,358963
2022-03-17,174038.46875,174038.46875,174038.46875,174038.46875,0
2022-03-18,182211.53125,182211.53125,178365.390625,179326.921875,495705
2022-03-21,179326.921875,179326.921875,179326.921875,179326.921875,0
2022-03-22,162500.0,164423.078125,160576.921875,161538.46875,4106331
2022-03-23,162980.765625,164423.078125,162019.234375,162980.765625,683509
2022-03-24,162500.0,164423.078125,158173.078125,161538.46875,830008
2022-03-25,162500.0,162500.0,158653.84375,159134.609375,701521
2022-03-28,159134.609375,162500.0,158173.078125,161538.46875,421037
2022-03-29,162500.0,164903.84375,162019.234375,163942.3125,425088
2022-03-30,165384.609375,168269.234375,163461.53125,167307.6875,532100
2022-03-31,167788.46875,168750.0,163461.53125,164903.84375,389990
2022-04-01,163461.53125,163942.3125,162019.234375,162500.0,304049
2022-04-04,162500.0,164423.078125,162019.234375,163461.53125,225179
2022-04-05,163942.3125,164903.84375,162019.234375,164903.84375,226860
2022-04-06,163942.3125,165384.609375,161538.46875,162019.234375,336716
2022-04-07,161057.6875,163461.53125,159615.390625,160096.15625,379634
2022-04-08,161057.6875,161538.46875,156730.765625,157692.3125,303643
2022-04-11,157211.53125,157692.3125,153365.390625,155769.234375,316595
2022-04-12,153365.390625,157211.53125,152884.609375,154807.6875,297370
2022-04-13,154807.6875,158173.078125,154807.6875,158173.078125,246313
2022-04-14,157692.3125,158173.078125,154807.6875,157692.3125,373198
2022-04-15,155288.46875,155769.234375,151442.3125,152403.84375,461918
2022-04-18,150961.53125,152884.609375,149519.234375,150480.765625,285202
2022-04-19,150480.765625,154807.6875,150480.765625,154326.921875,281753
2022-04-20,153846.15625,154326.921875,151923.078125,153365.390625,251401
2022-04-21,154807.6875,156250.0,153365.390625,153365.390625,235999
2022-04-22,151442.3125,153846.15625,150961.53125,152884.609375,257956
2022-04-25,150480.765625,151923.078125,149519.234375,149519.234375,298750
2022-04-26,151442.3125,163461.53125,151442.3125,161538.46875,997710
2022-04-27,158173.078125,169230.765625,156730.765625,164423.078125,919514
2022-04-28,164423.078125,169230.765625,163461.53125,169230.765625,482156
2022-04-29,168269.234375,171153.84375,166346.15625,169230.765625,368082
2022-05-02,167788.46875,169230.765625,165384.609375,166346.15625,259747
2022-05-03,165865.390625,169230.765625,165384.609375,165384.609375,237407
2022-05-04,165865.390625,166826.921875,161057.6875,162500.0,271362
2022-05-06,158653.84375,163942.3125,158653.84375,162980.765625,370466
2022-05-10,157211.53125,158653.84375,153846.15625,155769.234375,431823
2022-05-11,154326.921875,157211.53125,153846.15625,155769.234375,247840
2022-05-12,153846.15625,154326.921875,148076.921875,148557.6875,622388
2022-05-13,143269.234375,146153.84375,137019.234375,139423.078125,1451927
2022-05-16,139903.84375,141826.921875,135576.921875,135576.921875,847644
2022-05-17,135576.921875,138461.53125,135576.921875,137019.234375,531244
2022-05-18,137019.234375,139423.078125,136538.46875,137019.234375,564416
2022-05-19,133653.84375,137019.234375,133653.84375,135576.921875,561950
2022-05-20,137019.234375,140384.609375,137019.234375,139423.078125,455904
2022-05-23,140384.609375,143750.0,138942.3125,141346.15625,526479
2022-05-24,139903.84375,141346.15625,138942.3125,139423.078125,253998
2022-05-25,141346.15625,150000.0,140865.390625,147115.390625,762458
2022-05-26,147596.15625,149519.234375,145673.078125,148076.921875,343307
2022-05-27,149038.46875,152884.609375,148557.6875,150000.0,412613
2022-05-30,150961.53125,152884.609375,149038.46875,150961.53125,331619
2022-05-31,151923.078125,154326.921875,150000.0,154326.921875,555863
2022-06-02,153846.15625,153846.15625,150961.53125,151442.3125,318154
2022-06-03,153365.390625,156730.765625,153365.390625,155288.46875,323608
2022-06-07,154326.921875,154807.6875,151442.3125,152884.609375,353364
2022-06-08,152884.609375,157692.3125,152884.609375,155769.234375,352775
2022-06-09,155288.46875,159134.609375,154326.921875,159134.609375,516779
2022-06-10,157211.53125,158653.84375,152884.609375,153365.390625,677678
2022-06-13,149519.234375,153846.15625,149519.234375,152403.84375,420501
2022-06-14,151442.3125,152884.609375,148557.6875,150000.0,437776
2022-06-15,149038.46875,150961.53125,145192.3125,146153.84375,460292
2022-06-16,148076.921875,149519.234375,143750.0,144230.765625,391499
2022-06-17,140384.609375,148076.921875,140384.609375,147115.390625,491496
2022-06-20,148076.921875,150961.53125,144230.765625,146634.609375,360729
2022-06-21,148557.6875,149038.46875,145673.078125,148076.921875,240500
2022-06-22,149519.234375,154807.6875,148076.921875,150000.0,476018
2022-06-23,150961.53125,157692.3125,150000.0,154326.921875,811252
2022-06-24,154807.6875,166346.15625,154326.921875,164903.84375,1027205
2022-06-27,166826.921875,172596.15625,164903.84375,168750.0,960086
2022-06-28,167788.46875,169230.765625,161538.46875,167788.46875,591146
2022-06-29,167788.46875,171153.84375,166346.15625,169230.765625,426769
2022-06-30,168750.0,176923.078125,168750.0,171634.609375,835195
2022-07-01,173557.6875,175961.53125,167307.6875,172115.390625,548646
2022-07-04,172115.390625,174519.234375,170192.3125,172596.15625,439384
2022-07-05,173076.921875,175961.53125,170673.078125,175961.53125,471267
2022-07-06,174519.234375,182692.3125,174519.234375,179326.921875,928016
2022-07-07,180769.234375,181730.765625,177403.84375,180288.46875,383914
2022-07-08,179807.6875,179807.6875,171634.609375,175480.765625,785818
2022-07-11,174519.234375,180288.46875,174519.234375,178846.15625,357861
2022-07-12,180288.46875,184134.609375,177884.609375,180288.46875,440227
2022-07-13,181250.0,185576.921875,180288.46875,182692.3125,534174
2022-07-14,182692.3125,183173.078125,179326.921875,181730.765625,436971
2022-07-15,182211.53125,182211.53125,175961.53125,179326.921875,405455
2022-07-18,180288.46875,180288.46875,173076.921875,175961.53125,381539
2022-07-19,176923.078125,179326.921875,175480.765625,176442.3125,232482
2022-07-20,177884.609375,179326.921875,175961.53125,176923.078125,252130
2022-07-21,176442.3125,176923.078125,172115.390625,175480.765625,332738
2022-07-22,174519.234375,177403.84375,172596.15625,172596.15625,224993
2022-07-25,173557.6875,179326.921875,172115.390625,177884.609375,302973
2022-07-26,178365.390625,181730.765625,176923.078125,178846.15625,250577
2022-07-27,178846.15625,183653.84375,178846.15625,182211.53125,370667
2022-07-28,183653.84375,184134.609375,181730.765625,182692.3125,363968
2022-07-29,184615.390625,185096.15625,181250.0,182692.3125,293720
2022-08-01,183173.078125,183173.078125,178846.15625,180288.46875,250785
2022-08-02,180769.234375,182692.3125,178365.390625,178846.15625,257598
2022-08-03,177884.609375,180288.46875,177884.609375,178846.15625,235818
2022-08-04,179807.6875,183173.078125,178365.390625,181730.765625,349754
2022-08-05,183173.078125,190865.390625,182692.3125,189423.078125,883488
2022-08-08,191826.921875,196153.84375,189423.078125,195673.078125,900268
2022-08-09,197596.15625,205288.46875,194230.765625,203365.390625,1087008
2022-08-10,203846.15625,205769.234375,200961.53125,203365.390625,619357
2022-08-11,205288.46875,206730.765625,201442.3125,204326.921875,520956
2022-08-12,203846.15625,205288.46875,197596.15625,200000.0,450264
2022-08-16,200961.53125,204326.921875,199519.234375,202884.609375,355042
2022-08-17,202884.609375,205769.234375,201923.078125,203846.15625,427146
2022-08-18,202884.609375,202884.609375,194230.765625,194711.53125,517072
2022-08-19,194711.53125,197596.15625,193269.234375,193750.0,302195
2022-08-22,192307.6875,196153.84375,191826.921875,192307.6875,267171
2022-08-23,188942.3125,190384.609375,185576.921875,186538.46875,411868
2022-08-24,187500.0,189903.84375,184615.390625,186057.6875,233467
2022-08-25,186538.46875,189903.84375,185096.15625,189903.84375,268302
2022-08-26,190384.609375,190865.390625,181730.765625,182211.53125,480811
2022-08-29,175000.0,179807.6875,175000.0,178365.390625,387758
2022-08-30,179807.6875,182211.53125,177403.84375,181250.0,311690
2022-08-31,178365.390625,183653.84375,178365.390625,182211.53125,312416
2022-09-01,180769.234375,181250.0,176923.078125,179326.921875,329056
2022-09-02,180288.46875,182211.53125,176442.3125,177403.84375,312570
2022-09-05,175961.53125,178846.15625,172115.390625,173557.6875,394061
2022-09-06,174038.46875,175961.53125,172115.390625,174038.46875,197527
2022-09-07,172596.15625,173076.921875,168269.234375,172115.390625,338806
2022-09-08,174519.234375,179326.921875,174519.234375,176923.078125,530212
2022-09-13,180288.46875,180769.234375,176923.078125,179326.921875,421896
2022-09-14,173076.921875,174038.46875,169230.765625,173076.921875,492587
2022-09-15,173557.6875,174038.46875,171153.84375,172115.390625,345148
2022-09-16,169230.765625,169711.53125,166346.15625,167307.6875,356258
2022-09-19,168269.234375,170192.3125,165384.609375,165865.390625,271124
2022-09-20,168269.234375,169230.765625,166346.15625,168750.0,273629
2022-09-21,167307.6875,168269.234375,161538.46875,162500.0,401197
2022-09-22,159615.390625,163942.3125,156730.765625,162500.0,547970
2022-09-23,161057.6875,162500.0,157692.3125,161057.6875,380868
2022-09-26,157211.53125,162980.765625,157211.53125,158173.078125,406573
2022-09-27,158173.078125,161057.6875,156730.765625,159134.609375,407963
2022-09-28,160096.15625,166826.921875,158173.078125,160096.15625,667413
2022-09-29,164903.84375,167788.46875,162980.765625,164423.078125,559840
2022-09-30,163461.53125,172115.390625,162980.765625,168750.0,644856
2022-10-04,171634.609375,172115.390625,165865.390625,166346.15625,485173
2022-10-05,168269.234375,168750.0,164903.84375,164903.84375,322920
2022-10-06,166346.15625,167788.46875,158653.84375,163461.53125,403226
2022-10-07,162980.765625,164903.84375,159134.609375,159615.390625,372881
2022-10-11,156250.0,161057.6875,155769.234375,158653.84375,377343
2022-10-12,158173.078125,160096.15625,155769.234375,158173.078125,316295
2022-10-13,158173.078125,162019.234375,157692.3125,158653.84375,410605
2022-10-14,160576.921875,167788.46875,160096.15625,167307.6875,413433
2022-10-17,164903.84375,166346.15625,162019.234375,162980.765625,318857
2022-10-18,165384.609375,170673.078125,163942.3125,169711.53125,382596
2022-10-19,170192.3125,173557.6875,164903.84375,164903.84375,413394
2022-10-20,164423.078125,167788.46875,162500.0,164903.84375,367479
2022-10-21,163942.3125,169230.765625,163942.3125,167307.6875,297701
2022-10-24,171634.609375,174038.46875,168269.234375,171153.84375,411431
2022-10-25,171634.609375,179326.921875,170192.3125,177403.84375,676349
2022-10-26,177403.84375,179807.6875,175480.765625,178365.390625,394448
2022-10-27,180769.234375,182692.3125,178846.15625,182692.3125,395264
2022-10-28,182692.3125,184615.390625,179807.6875,180288.46875,326312
2022-10-31,182692.3125,186538.46875,182211.53125,184615.390625,313751
2022-11-01,183173.078125,184615.390625,177884.609375,178846.15625,387078
2022-11-02,178846.15625,181730.765625,174519.234375,180288.46875,443350
2022-11-03,175961.53125,180288.46875,174038.46875,177884.609375,351799
2022-11-04,176442.3125,178846.15625,175961.53125,176923.078125,266361
2022-11-07,177884.609375,179326.921875,175480.765625,175961.53125,280247
2022-11-08,176923.078125,181250.0,176923.078125,180288.46875,339930
2022-11-09,181250.0,181730.765625,178846.15625,180288.46875,283571
2022-11-10,182211.53125,184134.609375,179326.921875,179807.6875,449093
2022-11-11,184134.609375,186538.46875,182211.53125,184615.390625,494375
2022-11-14,182692.3125,185096.15625,176923.078125,177884.609375,629734
2022-11-15,179326.921875,181730.765625,177884.609375,180769.234375,418254
2022-11-16,181250.0,182692.3125,171634.609375,172596.15625,776465
2022-11-17,172596.15625,175480.765625,172596.15625,172596.15625,414538
2022-11-18,173557.6875,174038.46875,171153.84375,171153.84375,247705
2022-11-21,172115.390625,173557.6875,168750.0,170192.3125,251843
2022-11-22,169230.765625,172115.390625,168750.0,169711.53125,276336
2022-11-23,171153.84375,171153.84375,166346.15625,168269.234375,324589
2022-11-24,169230.765625,172115.390625,169230.765625,170673.078125,234859
2022-11-25,171153.84375,172115.390625,168269.234375,168269.234375,181215
2022-11-28,169711.53125,169711.53125,165384.609375,166346.15625,249225
2022-11-29,164903.84375,170673.078125,164903.84375,169711.53125,213872
2022-11-30,169230.765625,171153.84375,168269.234375,169230.765625,320446
2022-12-01,172596.15625,173557.6875,170192.3125,171634.609375,250637
2022-12-02,171634.609375,171634.609375,167307.6875,167307.6875,243126
2022-12-05,167788.46875,168750.0,165384.609375,166826.921875,209769
2022-12-06,166346.15625,168269.234375,165384.609375,165384.609375,236758
2022-12-07,165865.390625,169230.765625,163942.3125,167788.46875,291394
2022-12-08,168750.0,170192.3125,167307.6875,169711.53125,496623
2022-12-09,170192.3125,173557.6875,168269.234375,173557.6875,451370
2022-12-12,172115.390625,173557.6875,169711.53125,169711.53125,174860
2022-12-13,171153.84375,173076.921875,169230.765625,172115.390625,186452
2022-12-14,172596.15625,176923.078125,172596.15625,175000.0,312013
2022-12-15,175000.0,176442.3125,172596.15625,172596.15625,200116
2022-12-16,169711.53125,172115.390625,169711.53125,172115.390625,269492
2022-12-19,172596.15625,174519.234375,171634.609375,172115.390625,253556
2022-12-20,171634.609375,171634.609375,167788.46875,170673.078125,347048
2022-12-21,171634.609375,174038.46875,171153.84375,172596.15625,237583
2022-12-22,173076.921875,174519.234375,172115.390625,174038.46875,237830
2022-12-23,170192.3125,172115.390625,166346.15625,166346.15625,489135
2022-12-26,167307.6875,168750.0,165865.390625,168750.0,433328
2022-12-27,169230.765625,171153.84375,167788.46875,170192.3125,680112
2022-12-28,169000.0,170500.0,164500.0,165500.0,560269
2022-12-29,164500.0,165000.0,159500.0,160500.0,432740
2023-01-02,161000.0,164000.0,160000.0,160000.0,290850
2023-01-03,160000.0,162000.0,157500.0,159000.0,313306
2023-01-04,158500.0,161500.0,156000.0,160500.0,272316
2023-01-05,161000.0,165000.0,160500.0,163000.0,290217
2023-01-06,161500.0,165000.0,161500.0,163500.0,230828
2023-01-09,166000.0,167500.0,164000.0,166000.0,227362
2023-01-10,166000.0,167000.0,164000.0,165000.0,239727
2023-01-11,166000.0,167500.0,165500.0,166500.0,246757
2023-01-12,167500.0,170000.0,167000.0,168000.0,308564
2023-01-13,169000.0,172000.0,168500.0,169000.0,278561
2023-01-16,170000.0,170000.0,168000.0,168000.0,154591
2023-01-17,168000.0,168500.0,163000.0,163500.0,330668
2023-01-18,163500.0,164500.0,162000.0,164000.0,211709
2023-01-19,162500.0,166000.0,162000.0,164000.0,195569
2023-01-20,163500.0,164000.0,161500.0,162500.0,242051
2023-01-25,163000.0,165300.0,163000.0,162500.0,2355
2023-01-26,164100.0,165300.0,163300.0,165600.0,2952
2023-01-27,165700.0,167500.0,164600.0,166900.0,4679
2023-01-30,167000.0,168900.0,163700.0,163700.0,3159
2023-01-31,163000.0,164000.0,161100.0,163700.0,2889
2023-02-01,161700.0,170200.0,161200.0,169800.0,4258
2023-02-02,172000.0,172000.0,167200.0,169400.0,3252
2023-02-03,168400.0,169800.0,167400.0,168600.0,5408
2023-02-06,168800.0,169600.0,166300.0,169100.0,5156
2023-02-07,165900.0,168800.0,165900.0,166300.0,2298
2023-02-08,167000.0,168400.0,166500.0,167000.0,2087
2023-02-09,166200.0,166800.0,165000.0,165700.0,2846
2023-02-10,164500.0,164600.0,161900.0,165600.0,3855
2023-02-13,162000.0,162200.0,160000.0,161100.0,5102
2023-02-14,161900.0,162300.0,160400.0,161400.0,3530
2023-02-15,161200.0,161600.0,156500.0,156600.0,5720
2023-02-16,157000.0,158600.0,156400.0,157300.0,6561
2023-02-17,156000.0,156100.0,154300.0,154700.0,5728
2023-02-20,154400.0,157700.0,153100.0,157000.0,3675
2023-02-21,157600.0,157700.0,153900.0,154800.0,7173
2023-02-22,152500.0,152800.0,148500.0,149000.0,11758
2023-02-23,149300.0,150300.0,148500.0,149000.0,7483
2023-02-24,149000.0,149800.0,147400.0,149300.0,3998
2023-02-27,147800.0,148300.0,145200.0,146000.0,481473
2023-02-28,145900.0,147400.0,144700.0,145200.0,737854
2023-03-02,144900.0,145800.0,142500.0,143700.0,575951
2023-03-03,144000.0,154600.0,144000.0,150600.0,1467217
2023-03-06,152900.0,154000.0,149100.0,151800.0,791350
2023-03-07,151900.0,158700.0,151200.0,155400.0,1156965
2023-03-08,153800.0,158800.0,152000.0,154300.0,903712
2023-03-09,155800.0,158200.0,153800.0,157200.0,765655
2023-03-10,155000.0,156500.0,153200.0,154700.0,459565
2023-03-13,154200.0,156400.0,151300.0,155400.0,414435
2023-03-14,153500.0,156200.0,150900.0,150900.0,462108
2023-03-15,152800.0,153500.0,150000.0,151200.0,317958
2023-03-16,150000.0,152400.0,147500.0,151600.0,340066
2023-03-17,152600.0,157100.0,151700.0,156500.0,619666
2023-03-20,156900.0,160500.0,156900.0,157900.0,418037
2023-03-21,158100.0,159400.0,155200.0,156000.0,333364
2023-03-22,156800.0,157200.0,155100.0,156100.0,289918
2023-03-23,155900.0,156000.0,153500.0,154500.0,395821
2023-03-24,153500.0,156700.0,153100.0,153600.0,367232
2023-03-27,153600.0,159400.0,151000.0,158600.0,679992
2023-03-28,159100.0,159800.0,150400.0,151200.0,901079
2023-03-29,152200.0,153100.0,149500.0,150500.0,522536
2023-03-30,150600.0,151200.0,148200.0,148600.0,571909
2023-03-31,149000.0,150500.0,148600.0,149800.0,360499
2023-04-03,151400.0,154300.0,149700.0,150000.0,675050
2023-04-04,150000.0,159100.0,149400.0,159000.0,1013981
2023-04-05,159300.0,163000.0,157500.0,158600.0,713779
2023-04-06,160900.0,163000.0,159200.0,159500.0,727285
2023-04-07,160400.0,161000.0,158100.0,159500.0,364832
2023-04-10,159600.0,164900.0,159300.0,163900.0,697393
2023-04-11,163900.0,172300.0,162500.0,170800.0,1123744
2023-04-12,171500.0,179800.0,170000.0,178800.0,1362887
2023-04-13,180200.0,184100.0,177700.0,179800.0,1104388
2023-04-14,178900.0,180800.0,175200.0,175800.0,661136
2023-04-17,177900.0,177900.0,175000.0,175500.0,464469
2023-04-18,173700.0,175900.0,170600.0,171000.0,645282
2023-04-19,170800.0,173400.0,169400.0,170300.0,381718
2023-04-20,171000.0,172900.0,167300.0,167900.0,442779
2023-04-21,167500.0,170500.0,167200.0,168200.0,347219
2023-04-24,167500.0,169000.0,165900.0,166500.0,313818
2023-04-25,167500.0,170000.0,164400.0,165400.0,413710
2023-04-26,165400.0,166900.0,164000.0,165500.0,271855
2023-04-27,164500.0,165000.0,161600.0,163200.0,387901
2023-04-28,163200.0,165600.0,160200.0,160600.0,468091
2023-05-02,160700.0,161400.0,159100.0,160400.0,341539
2023-05-03,157100.0,159500.0,153800.0,159000.0,427626
2023-05-04,158200.0,163600.0,158000.0,163000.0,431607
2023-05-08,163800.0,166000.0,162300.0,162400.0,339420
2023-05-09,165900.0,173700.0,165800.0,171800.0,1127696
2023-05-10,171700.0,171800.0,168500.0,169000.0,359298
2023-05-11,170000.0,170800.0,167200.0,168600.0,390534
2023-05-12,167800.0,169800.0,166400.0,166600.0,301870
2023-05-15,165500.0,170400.0,164500.0,168600.0,403134
2023-05-16,168000.0,171000.0,167600.0,168100.0,285565
2023-05-17,167500.0,171900.0,167500.0,171800.0,326890
2023-05-18,171900.0,174500.0,170600.0,172100.0,339923
2023-05-19,172100.0,174400.0,170800.0,173900.0,383940
2023-05-22,174000.0,179400.0,174000.0,177900.0,511523
2023-05-23,178400.0,180000.0,177500.0,179500.0,348447
2023-05-24,179100.0,180900.0,177500.0,179000.0,454223
2023-05-25,178100.0,179000.0,173100.0,173100.0,570588
2023-05-26,173100.0,175200.0,171400.0,173100.0,287879
2023-05-30,175100.0,175500.0,172300.0,172300.0,296586
2023-05-31,172100.0,172400.0,169500.0,171300.0,890549
2023-06-01,171300.0,177400.0,170100.0,175400.0,472815
2023-06-02,176400.0,176700.0,172400.0,173500.0,402399
2023-06-05,174500.0,174700.0,171300.0,172200.0,256488
2023-06-07,172200.0,173200.0,170400.0,170400.0,400233
2023-06-08,170500.0,171000.0,167200.0,168200.0,526815
2023-06-09,168800.0,171000.0,167800.0,169000.0,344092
2023-06-12,169600.0,169700.0,167000.0,167000.0,299960
2023-06-13,167300.0,168600.0,165000.0,165000.0,426438
2023-06-14,165300.0,166400.0,163700.0,164400.0,374811
2023-06-15,164800.0,165400.0,161600.0,164100.0,524873
2023-06-16,164900.0,168400.0,163900.0,165300.0,516552
2023-06-19,165400.0,166000.0,163000.0,163000.0,263210
2023-06-20,162800.0,163900.0,161000.0,161100.0,322326
2023-06-21,161100.0,162000.0,158600.0,159000.0,375242
2023-06-22,158500.0,161900.0,158500.0,161600.0,418004
2023-06-23,162000.0,164700.0,160400.0,163900.0,588025
2023-06-26,163600.0,166100.0,162700.0,165100.0,434813
2023-06-27,165100.0,166500.0,149400.0,150800.0,1826800
2023-06-28,152200.0,154300.0,150300.0,151800.0,803517
2023-06-29,150600.0,154600.0,149300.0,152500.0,394752
2023-06-30,152500.0,153900.0,150800.0,152900.0,324685
2023-07-03,153000.0,153300.0,150400.0,151600.0,581206
2023-07-04,151600.0,152200.0,149600.0,149900.0,495324
2023-07-05,150700.0,154400.0,150600.0,152600.0,561183
2023-07-06,153100.0,153300.0,150500.0,152600.0,495754
2023-07-07,151900.0,153000.0,148600.0,148600.0,524598
2023-07-10,148400.0,149800.0,147400.0,148300.0,416070
2023-07-11,148300.0,149200.0,144000.0,146600.0,824194
2023-07-12,146300.0,153900.0,144600.0,152500.0,1134844
2023-07-13,154200.0,162200.0,154100.0,156000.0,1471599
2023-07-14,158200.0,160500.0,156200.0,158200.0,681669
2023-07-17,157500.0,158000.0,154600.0,155900.0,377336
2023-07-18,154600.0,155600.0,149100.0,150000.0,644056
2023-07-19,149300.0,151200.0,149200.0,149900.0,369514
2023-07-20,149900.0,151100.0,149000.0,150100.0,356426
2023-07-21,149900.0,153100.0,149900.0,151000.0,406522
2023-07-24,150400.0,150500.0,146200.0,147400.0,669720
2023-07-25,146700.0,147900.0,144100.0,144500.0,621953
2023-07-26,143900.0,144700.0,139500.0,142400.0,1280593
2023-07-27,141100.0,145300.0,141100.0,144100.0,636071
2023-07-28,144300.0,145100.0,142300.0,143800.0,367393
2023-07-31,144100.0,148000.0,143800.0,146600.0,449053
2023-08-01,147500.0,152100.0,147200.0,151000.0,695903
2023-08-02,151100.0,152100.0,146400.0,148000.0,448818
2023-08-03,147100.0,153000.0,146800.0,151200.0,613417
2023-08-04,151600.0,151900.0,149500.0,150700.0,261080
2023-08-07,150200.0,152300.0,149000.0,149000.0,375680
2023-08-08,149800.0,150400.0,147500.0,148000.0,270912
2023-08-09,147500.0,155000.0,147500.0,154900.0,687924
2023-08-10,154900.0,156800.0,152400.0,156100.0,591550
2023-08-11,156100.0,157300.0,154500.0,156500.0,370992
2023-08-14,157600.0,157600.0,150600.0,154000.0,508589
2023-08-16,150000.0,150400.0,144400.0,145700.0,851055
2023-08-17,144800.0,146000.0,143300.0,143600.0,543730
2023-08-18,153400.0,156900.0,148800.0,150400.0,2918953
2023-08-21,150000.0,151000.0,145100.0,145100.0,679159
2023-08-22,145200.0,146400.0,143000.0,143400.0,536871
2023-08-23,143400.0,143900.0,141500.0,141500.0,409600
2023-08-24,142100.0,145700.0,140900.0,144600.0,499358
2023-08-25,145000.0,146000.0,143400.0,143500.0,240799
2023-08-28,144900.0,145000.0,142700.0,144400.0,252682
2023-08-29,145300.0,147700.0,145300.0,147500.0,393275
2023-08-30,148500.0,148500.0,146100.0,147500.0,282865
2023-08-31,147400.0,148000.0,143900.0,143900.0,506440
2023-09-01,143900.0,146100.0,143900.0,143900.0,276549
2023-09-04,143900.0,145500.0,143700.0,145500.0,271134
2023-09-05,144600.0,147000.0,144600.0,146600.0,289260
2023-09-06,146000.0,147100.0,145200.0,146900.0,370894
2023-09-07,145800.0,147500.0,145300.0,146400.0,297979
2023-09-08,146400.0,147900.0,146300.0,147500.0,295123
2023-09-11,147500.0,149700.0,147000.0,149300.0,333692
2023-09-12,149200.0,149200.0,145500.0,146200.0,353004
2023-09-13,145700.0,147500.0,144600.0,146200.0,272880
2023-09-14,146700.0,147600.0,145700.0,147600.0,422052
2023-09-15,147700.0,147700.0,146400.0,146500.0,347460
2023-09-18,145900.0,148000.0,145800.0,146400.0,186548
2023-09-19,146100.0,147300.0,145100.0,145600.0,182107
2023-09-20,145600.0,146000.0,144300.0,145300.0,199649
2023-09-21,145300.0,145300.0,142500.0,142500.0,363843
2023-09-22,141200.0,142000.0,139300.0,139300.0,435892
2023-09-25,139300.0,140400.0,138500.0,139300.0,263708
2023-09-26,139300.0,140000.0,136400.0,136600.0,335202
2023-09-27,134500.0,139800.0,134500.0,139200.0,260860
2023-10-04,138700.0,138700.0,135300.0,135900.0,447358
2023-10-05,136000.0,138000.0,131000.0,131800.0,497887
2023-10-06,131200.0,138400.0,131100.0,137000.0,404988
2023-10-10,139800.0,143800.0,139600.0,140200.0,434998
2023-10-11,141100.0,142600.0,140000.0,140900.0,224905
2023-10-12,141500.0,144100.0,141200.0,144100.0,386909
2023-10-13,142400.0,144700.0,141500.0,143900.0,246252
2023-10-16,143700.0,145300.0,143400.0,144500.0,317837
2023-10-17,145100.0,147400.0,144800.0,145000.0,261280
2023-10-18,145300.0,146100.0,142000.0,142300.0,246276
2023-10-19,141500.0,145300.0,141000.0,142300.0,316339
2023-10-20,141700.0,143100.0,140400.0,142200.0,364869
2023-10-23,146000.0,147800.0,138500.0,140600.0,921528
2023-10-24,142000.0,150500.0,141500.0,150100.0,967992
2023-10-25,150500.0,151400.0,148800.0,150100.0,663987
2023-10-26,148900.0,150800.0,147400.0,149700.0,534838
2023-10-27,150400.0,150500.0,148100.0,149500.0,417382
2023-10-30,149200.0,150300.0,149100.0,149300.0,411392
2023-10-31,150000.0,150500.0,148500.0,149500.0,423138
2023-11-01,149700.0,150000.0,149100.0,149400.0,468825
2023-11-02,149800.0,150000.0,149000.0,149800.0,542480
2023-11-03,149700.0,150100.0,149100.0,149900.0,454326
2023-11-06,152200.0,157900.0,151500.0,157900.0,1197662
2023-11-07,160300.0,161500.0,154000.0,155600.0,1245249
2023-11-08,156700.0,158700.0,155800.0,157500.0,592520
2023-11-09,157800.0,159500.0,156000.0,158000.0,701722
2023-11-10,157000.0,159100.0,156600.0,157200.0,546992
2023-11-13,157700.0,158400.0,155800.0,156800.0,620970
2023-11-14,157900.0,159500.0,157300.0,159100.0,350954
2023-11-15,161200.0,165000.0,160300.0,165000.0,637929
2023-11-16,166000.0,168200.0,165100.0,168200.0,516886
2023-11-17,168800.0,169300.0,167100.0,168400.0,402600
2023-11-20,167900.0,170500.0,167500.0,169900.0,368107
2023-11-21,169900.0,172200.0,169500.0,172200.0,354688
2023-11-22,171900.0,172800.0,170000.0,172300.0,374864
2023-11-23,171500.0,173000.0,171100.0,172900.0,311317
2023-11-24,173100.0,173200.0,167000.0,168000.0,514846
2023-11-27,166700.0,167800.0,161600.0,162800.0,457392
2023-11-28,162800.0,165500.0,162800.0,165000.0,301166
2023-11-29,164000.0,164900.0,161600.0,161700.0,296616
2023-11-30,161000.0,163000.0,160600.0,162900.0,370771
2023-12-01,164000.0,164300.0,161900.0,163100.0,239925
2023-12-04,163900.0,164800.0,161600.0,162600.0,228258
2023-12-05,161700.0,163500.0,161700.0,162600.0,251068
2023-12-06,163000.0,163300.0,160100.0,160100.0,277472
2023-12-07,159700.0,159800.0,157500.0,157600.0,334778
2023-12-08,158700.0,167900.0,158500.0,167700.0,715247
2023-12-11,169400.0,177900.0,168700.0,177700.0,1198607
2023-12-12,178600.0,184900.0,177300.0,183400.0,1329166
2023-12-13,181600.0,183600.0,176200.0,179700.0,869873
2023-12-14,182700.0,184300.0,177700.0,183500.0,2449173
2023-12-15,183800.0,184000.0,170100.0,170100.0,1592029
2023-12-18,176000.0,178800.0,174100.0,177200.0,659264
2023-12-19,177000.0,181400.0,177000.0,180700.0,426670
2023-12-20,183200.0,189300.0,181100.0,186300.0,864375
2023-12-21,185100.0,189400.0,184800.0,187700.0,565199
2023-12-22,189300.0,191300.0,184800.0,185500.0,694441
2023-12-26,187300.0,189800.0,187300.0,188800.0,610597
2023-12-27,188800.0,190500.0,186200.0,189800.0,504547
2023-12-28,190100.0,202500.0,189200.0,201500.0,1168768
2024-01-02,203500.0,241000.0,203500.0,231500.0,5985174
2024-01-03,228500.0,233000.0,224000.0,231500.0,1896462
2024-01-04,228500.0,229000.0,214500.0,218000.0,1593074
2024-01-05,215000.0,220500.0,213000.0,214500.0,970137
2024-01-08,213000.0,216000.0,204500.0,206000.0,901789
2024-01-09,211000.0,214000.0,204000.0,206000.0,617985
2024-01-10,206000.0,210000.0,205000.0,206000.0,409471
2024-01-11,207000.0,209000.0,197700.0,205000.0,1325154
2024-01-12,198200.0,205500.0,194600.0,196900.0,1729666
2024-01-15,196500.0,199000.0,195000.0,188100.0,135213
2024-01-16,192400.0,194300.0,186000.0,187500.0,1163432
2024-01-17,186600.0,186700.0,177100.0,178000.0,1280203
2024-01-18,178000.0,179500.0,173700.0,174700.0,807755
2024-01-19,175900.0,180900.0,174900.0,176000.0,801175
2024-01-22,178000.0,186300.0,177800.0,183600.0,1060728
2024-01-23,186100.0,188500.0,180800.0,181600.0,651716
2024-01-24,182900.0,183100.0,180500.0,180700.0,296318
2024-01-25,180400.0,183900.0,179000.0,182000.0,468508
2024-01-26,180800.0,184200.0,179200.0,182200.0,385387
2024-01-29,184000.0,187500.0,181700.0,181700.0,752905
2024-01-30,184100.0,185100.0,179600.0,179600.0,439604
2024-01-31,179600.0,181100.0,176100.0,179700.0,456299
2024-02-01,177700.0,179800.0,173700.0,178700.0,626055
2024-02-02,178700.0,184000.0,178700.0,184000.0,543741
2024-02-05,184000.0,184400.0,179500.0,180900.0,512448
2024-02-06,181200.0,186200.0,181200.0,183000.0,573943
2024-02-07,184100.0,185500.0,178700.0,179000.0,749892
2024-02-08,179600.0,182400.0,179200.0,179600.0,643612
2024-02-13,181600.0,188300.0,181400.0,187500.0,933154
2024-02-14,184800.0,186000.0,182700.0,184200.0,483049
2024-02-15,186100.0,186100.0,182600.0,182900.0,358883
2024-02-16,184400.0,184500.0,182000.0,182200.0,295225
2024-02-19,182200.0,183800.0,181600.0,182400.0,294585
2024-02-20,182500.0,183000.0,179700.0,179900.0,440423
2024-02-21,179900.0,180000.0,176900.0,177000.0,550261
2024-02-22,177600.0,179600.0,175400.0,176500.0,514715
2024-02-23,177200.0,184400.0,176800.0,180000.0,824438
2024-02-26,182000.0,183200.0,180800.0,181500.0,484919
2024-02-27,182000.0,191400.0,181300.0,190100.0,1624711
2024-02-28,190200.0,193400.0,186500.0,190000.0,816144
2024-02-29,189600.0,191300.0,179700.0,179700.0,1353256
2024-03-04,180400.0,181300.0,175100.0,176100.0,916608
2024-03-05,175000.0,180000.0,172300.0,175800.0,988461
2024-03-06,176000.0,180900.0,174500.0,180600.0,659660
2024-03-07,181400.0,183100.0,176700.0,177100.0,539907
2024-03-08,179800.0,181300.0,177900.0,180300.0,519400
2024-03-11,181200.0,182600.0,179300.0,179500.0,380708
2024-03-12,180300.0,182000.0,176000.0,181700.0,422573
2024-03-13,181800.0,182000.0,177700.0,178800.0,457993
2024-03-14,178700.0,180500.0,178600.0,179400.0,1833620
2024-03-15,180200.0,182300.0,178800.0,180800.0,1046380
2024-03-18,180900.0,184400.0,180300.0,182500.0,534945
2024-03-19,181000.0,184800.0,180500.0,184400.0,614411
2024-03-20,185300.0,185500.0,183000.0,183100.0,374043
2024-03-21,185000.0,185800.0,183200.0,185800.0,595624
2024-03-22,185600.0,188900.0,185500.0,188200.0,571289
2024-03-25,190200.0,192400.0,188900.0,188900.0,646054
2024-03-26,188800.0,191500.0,185500.0,186400.0,690399
2024-03-27,184500.0,186000.0,180300.0,184200.0,644326
2024-03-28,182500.0,186300.0,182000.0,183800.0,896928
2024-03-29,184000.0,192800.0,184000.0,191200.0,1432508
2024-04-01,193500.0,194100.0,187000.0,188100.0,674352
2024-04-02,186800.0,187700.0,183800.0,183800.0,515062
2024-04-03,181600.0,182300.0,179600.0,180500.0,477642
2024-04-04,182400.0,182700.0,179600.0,179600.0,319262
2024-04-05,178000.0,179300.0,177300.0,177500.0,335027
2024-04-08,177000.0,190900.0,176100.0,188500.0,1052158
2024-04-09,190000.0,190700.0,181300.0,181300.0,777489
2024-04-11,177700.0,180700.0,177500.0,179500.0,525614
2024-04-12,179400.0,183300.0,178100.0,182200.0,478462
2024-04-15,180000.0,180800.0,178500.0,178600.0,362320
2024-04-16,177300.0,178300.0,171800.0,172000.0,635729
2024-04-17,173200.0,177000.0,169700.0,171000.0,686492
2024-04-18,172900.0,177800.0,172800.0,177100.0,474859
2024-04-19,175000.0,175400.0,171000.0,172900.0,504100
2024-04-22,175700.0,178700.0,174700.0,178700.0,430487
2024-04-23,178800.0,179700.0,177600.0,179700.0,300796
2024-04-24,180200.0,180900.0,179100.0,179500.0,279156
2024-04-25,177700.0,179000.0,176100.0,177400.0,307643
2024-04-26,177500.0,178800.0,176300.0,176600.0,221176
2024-04-29,178500.0,183800.0,178500.0,183700.0,642499
2024-04-30,183700.0,191200.0,183000.0,189000.0,1227117
2024-05-02,187900.0,190700.0,187000.0,187500.0,525670
2024-05-03,188900.0,189600.0,187200.0,189000.0,294979
2024-05-07,191000.0,197000.0,191000.0,194400.0,1067170
2024-05-08,195400.0,196300.0,193500.0,194600.0,464008
2024-05-09,194800.0,196000.0,189700.0,189700.0,803653
2024-05-10,193300.0,196900.0,192000.0,192900.0,715282
2024-05-13,193000.0,193300.0,188300.0,190800.0,443306
2024-05-14,189400.0,191700.0,188800.0,190900.0,277583
2024-05-16,193800.0,195400.0,192300.0,193000.0,466199
2024-05-17,190200.0,192400.0,188500.0,191500.0,1000223
2024-05-20,193300.0,193500.0,184700.0,187000.0,529601
2024-05-21,185500.0,187800.0,185000.0,186200.0,239148
2024-05-22,186500.0,188000.0,184200.0,184800.0,310558
2024-05-23,183800.0,185500.0,183500.0,183500.0,289295
2024-05-24,182600.0,183800.0,179600.0,179900.0,487217
2024-05-27,180600.0,181200.0,178500.0,179600.0,401269
2024-05-28,179600.0,182400.0,178500.0,180900.0,411965
2024-05-29,179200.0,179900.0,177100.0,178900.0,493642
2024-05-30,177500.0,181400.0,177200.0,177300.0,357482
2024-05-31,179700.0,182000.0,176100.0,176200.0,882885
2024-06-03,177200.0,180700.0,176800.0,179000.0,309816
2024-06-04,177900.0,189900.0,177900.0,188100.0,1291227
2024-06-05,189400.0,193600.0,188200.0,190300.0,890135
2024-06-07,191800.0,192600.0,188500.0,191100.0,494141
2024-06-10,188500.0,192700.0,186600.0,189500.0,541848
2024-06-11,190000.0,195000.0,188700.0,192600.0,784211
2024-06-12,194900.0,195000.0,187300.0,187600.0,919072
2024-06-13,189600.0,191600.0,182600.0,182600.0,1454028
2024-06-14,182700.0,186400.0,179700.0,183400.0,1006471
2024-06-17,183400.0,183900.0,179700.0,179800.0,604921
2024-06-18,179800.0,181200.0,178200.0,179100.0,456842
2024-06-19,180900.0,183500.0,180000.0,183400.0,467752
2024-06-20,183200.0,183200.0,180100.0,180100.0,369192
2024-06-21,179700.0,181400.0,177100.0,177100.0,1533095
2024-06-24,177900.0,180200.0,177700.0,179000.0,375338
2024-06-25,180700.0,181000.0,177700.0,178400.0,363448
2024-06-26,177700.0,178300.0,176600.0,176800.0,410497
2024-06-27,175400.0,176000.0,173800.0,173800.0,497678
2024-06-28,174100.0,175400.0,173500.0,174300.0,331353
2024-07-01,175200.0,184100.0,175200.0,184100.0,1050615
2024-07-02,184100.0,185700.0,180800.0,184500.0,738377
2024-07-03,185000.0,185400.0,180400.0,181800.0,459161
2024-07-04,182800.0,184400.0,180900.0,182900.0,393223
2024-07-05,183500.0,187500.0,181800.0,185800.0,723763
2024-07-08,185600.0,186800.0,183000.0,183400.0,410697
2024-07-09,183500.0,187900.0,183500.0,187200.0,597590
2024-07-10,187000.0,187200.0,183900.0,184700.0,481130
2024-07-11,186100.0,186100.0,183100.0,185800.0,517980
2024-07-12,185600.0,191400.0,185500.0,188800.0,846514
2024-07-15,191000.0,192000.0,188500.0,188700.0,535440
2024-07-16,190000.0,190100.0,184600.0,188700.0,532360
2024-07-17,189000.0,193300.0,187300.0,192500.0,1012724
2024-07-18,192000.0,192200.0,187700.0,187900.0,642223
2024-07-19,186000.0,189100.0,185500.0,187900.0,400415
2024-07-22,188000.0,194400.0,187700.0,193200.0,1418434
2024-07-23,192500.0,194400.0,189200.0,189200.0,688691
2024-07-24,188300.0,195000.0,186500.0,193400.0,935691
2024-07-25,194000.0,205000.0,192100.0,199200.0,2161673
2024-07-26,201500.0,204500.0,198100.0,200000.0,1041632
2024-07-29,203000.0,210000.0,202000.0,209000.0,1307248
2024-07-30,207000.0,211000.0,203500.0,209000.0,1043589
2024-07-31,209500.0,210500.0,200500.0,204500.0,1022603
2024-08-01,201000.0,207000.0,199800.0,200000.0,901474
2024-08-02,197500.0,199300.0,192300.0,193600.0,1034567
2024-08-05,188300.0,195300.0,173000.0,182500.0,1984775
2024-08-06,187600.0,191000.0,181600.0,182000.0,1689013
2024-08-07,180400.0,205000.0,180300.0,197000.0,3628907
2024-08-08,197200.0,199400.0,192500.0,195700.0,1366838
2024-08-09,198000.0,201500.0,194600.0,196000.0,1113699
2024-08-12,199600.0,204000.0,198600.0,200000.0,955783
2024-08-13,199000.0,200000.0,191500.0,192700.0,985594
2024-08-14,194200.0,195300.0,190800.0,194600.0,677058
2024-08-16,195400.0,201000.0,195000.0,197200.0,942857
2024-08-19,197500.0,199300.0,195500.0,197600.0,560126
2024-08-20,198900.0,199600.0,195800.0,196200.0,490387
2024-08-21,198000.0,200000.0,196700.0,199800.0,815713
2024-08-22,200000.0,204500.0,198000.0,202500.0,796806
2024-08-23,202000.0,204500.0,201000.0,202500.0,586285
2024-08-26,204500.0,207500.0,202500.0,205000.0,617996
2024-08-27,205000.0,209000.0,200000.0,200500.0,699226
2024-08-28,201500.0,204000.0,197800.0,201500.0,673894
2024-08-29,201000.0,204500.0,198900.0,199000.0,519928
2024-08-30,200000.0,204500.0,199900.0,203000.0,758057
2024-09-02,203000.0,203500.0,195500.0,197100.0,786689
2024-09-03,196900.0,200500.0,196800.0,197000.0,388129
2024-09-04,190500.0,194200.0,190100.0,190200.0,769853
2024-09-05,192100.0,193200.0,185200.0,188000.0,639813
2024-09-06,188100.0,192500.0,185500.0,191200.0,661187
2024-09-09,186800.0,193400.0,186700.0,192100.0,399370
2024-09-10,194200.0,196400.0,192400.0,195800.0,549128
2024-09-11,196900.0,196900.0,188700.0,190700.0,585601
2024-09-12,191100.0,196000.0,190700.0,195600.0,660266
2024-09-13,195600.0,196100.0,193800.0,195200.0,292098
2024-09-19,198100.0,202500.0,198100.0,201500.0,755083
2024-09-20,202000.0,203500.0,199900.0,201500.0,742241
2024-09-23,203000.0,211000.0,203000.0,205000.0,832532
2024-09-24,205500.0,205500.0,200000.0,205500.0,481381
2024-09-25,207500.0,209500.0,199700.0,200000.0,634400
2024-09-26,199900.0,202000.0,198000.0,202000.0,550118
2024-09-27,201000.0,201500.0,194800.0,194800.0,934345
2024-09-30,195600.0,197400.0,192700.0,195400.0,532256
2024-10-02,192200.0,195400.0,191000.0,191000.0,468841
2024-10-04,191500.0,195800.0,190700.0,192700.0,474949
2024-10-07,194100.0,195300.0,191000.0,193500.0,364205
2024-10-08,192300.0,193400.0,191200.0,191200.0,487908
2024-10-10,192500.0,196500.0,192400.0,194300.0,704540
2024-10-11,195100.0,198300.0,194200.0,197300.0,483589
2024-10-14,199100.0,199400.0,195400.0,197300.0,436417
2024-10-15,195800.0,202000.0,194800.0,200500.0,664143
2024-10-16,199300.0,201000.0,195700.0,195800.0,623823
2024-10-17,195800.0,196500.0,188000.0,188900.0,1168357
2024-10-18,189000.0,191000.0,187700.0,188400.0,590055
2024-10-21,189300.0,192700.0,189300.0,191700.0,442581
2024-10-22,191300.0,192500.0,187300.0,187500.0,557645
2024-10-23,187900.0,189600.0,184600.0,185700.0,563474
2024-10-24,185700.0,186900.0,184200.0,185900.0,331110
2024-10-25,186000.0,188700.0,182500.0,186400.0,587425
2024-10-28,186700.0,189000.0,186100.0,187700.0,346289
2024-10-29,188200.0,190000.0,187000.0,189100.0,355047
2024-10-30,188500.0,189000.0,187200.0,187700.0,305274
2024-10-31,187000.0,187500.0,182500.0,182500.0,528579
2024-11-01,181000.0,183400.0,180200.0,181100.0,333829
2024-11-04,181100.0,187400.0,180300.0,187400.0,435132
2024-11-05,185600.0,187700.0,183400.0,184400.0,271101
2024-11-06,184700.0,185400.0,180200.0,184800.0,476614
2024-11-07,183300.0,184700.0,177200.0,184800.0,602219
2024-11-08,182200.0,184700.0,180700.0,181500.0,431141
2024-11-11,180100.0,181000.0,171000.0,174100.0,1004755
2024-11-12,172600.0,174100.0,165700.0,165900.0,1113802
2024-11-13,165000.0,168200.0,164000.0,165200.0,653816
2024-11-14,165600.0,169200.0,165600.0,166400.0,597981
2024-11-15,167500.0,168200.0,160300.0,165400.0,603738
2024-11-18,165100.0,173000.0,163500.0,172600.0,592831
2024-11-19,172000.0,174300.0,171800.0,172600.0,392951
2024-11-20,171900.0,173100.0,169600.0,171400.0,339383
2024-11-21,173000.0,177100.0,172800.0,173700.0,616838
2024-11-22,174500.0,176500.0,173000.0,173500.0,347834
2024-11-25,174000.0,178800.0,172700.0,176800.0,655563
2024-11-26,176800.0,178400.0,175000.0,175600.0,295018
2024-11-27,175100.0,178800.0,175100.0,177800.0,372429
2024-11-28,177700.0,187100.0,177200.0,186400.0,886296
2024-11-29,187100.0,188300.0,185300.0,187000.0,690585
2024-12-02,189300.0,189500.0,183800.0,184600.0,495122
2024-12-03,184800.0,188500.0,184000.0,186900.0,404198
2024-12-04,182000.0,186000.0,181800.0,183000.0,729663
2024-12-05,183900.0,186500.0,180400.0,181000.0,425281
2024-12-06,181000.0,182400.0,176900.0,180100.0,600962
2024-12-09,175000.0,179400.0,174700.0,175100.0,706853
2024-12-10,176800.0,182100.0,176800.0,182100.0,439156
2024-12-11,182100.0,184900.0,181100.0,184200.0,348940
2024-12-12,184800.0,185000.0,183500.0,184900.0,657447
2024-12-13,185600.0,195000.0,185600.0,195000.0,721847
