﻿symbols,names
005380.KS,현대차
012330.KS,현대모비스
086280.KS,현대글로비스
042660.KS,한화오션
012450.KS,한화에어로스페이스
015760.KS,한국전력
352820.KS,하이브
086790.KS,하나금융지주
003670.KS,포스코퓨처엠
047050.KS,포스코인터내셔널
259960.KS,크래프톤
323410.KS,카카오뱅크
035720.KS,카카오
000100.KS,유한양행
316140.KS,우리금융지주
055550.KS,신한지주
068270.KS,셀트리온
000810.KS,삼성화재
010140.KS,삼성중공업
005935.KS,삼성전자우
005930.KS,삼성전자
018260.KS,삼성에스디에스
032830.KS,삼성생명
207940.KS,삼성바이오로직스
028260.KS,삼성물산
006400.KS,삼성SDI
138040.KS,메리츠금융지주
034020.KS,두산에너빌리티
003490.KS,대한항공
024110.KS,기업은행
000270.KS,기아
010130.KS,고려아연
000660.KS,SK하이닉스
017670.KS,SK텔레콤
096770.KS,SK이노베이션
402340.KS,SK스퀘어
034730.KS,SK
005490.KS,POSCO홀딩스
035420.KS,NAVER
051910.KS,LG화학
066570.KS,LG전자
373220.KS,LG에너지솔루션
003550.KS,LG
033780.KS,KT&G
030200.KS,KT
105560.KS,KB금융
011200.KS,HMM
329180.KS,HD현대중공업
267260.KS,HD현대일렉트릭
009540.KS,HD한국조선해양
ADSK,Autodesk
ATO,Atmos Energy
AIZ,Assurant
AJG,Arthur J. Gallagher & Co.
ANET,Arista Networks
ADM,Archer Daniels Midland
ACGL,Arch Capital Group
APTV,Aptiv
AMAT,Applied Materials
AAPL,Apple Inc.
AON,Aon
ANSS,Ansys
ADI,Analog Devices
APH,Amphenol
AMGN,Amgen
AME,Ametek
AMP,Ameriprise Financial
AWK,American Water Works
AMT,American Tower
AIG,American International Group
AXP,American Express
AEP,American Electric Power
AEE,Ameren
AMTM,Amentum
AMCR,Amcor
AMZN,Amazon
MO,Altria
GOOG,Alphabet Inc. (Class C)
GOOGL,Alphabet Inc. (Class A)
ALL,Allstate
LNT,Alliant Energy
ALLE,Allegion
ALGN,Align Technology
ARE,Alexandria Real Estate Equities
ALB,Albemarle Corporation
AKAM,Akamai Technologies
ABNB,Airbnb
APD,Air Products
A,Agilent Technologies
AFL,Aflac
AMD,Advanced Micro Devices
ADBE,Adobe Inc.
ACN,Accenture
ABT,Abbott Laboratories
ABBV,AbbVie
T,AT&T
APA,APA Corporation
AES,AES Corporation
AOS,A. O. Smith
MMM,3M
371460.KS,TIGER 차이나전기차SOLACTIVE
453870.KS,TIGER 인도니프티50
381180.KS,TIGER 미국필라델피아반도체나스닥
381170.KS,TIGER 미국테크TOP10 INDXX
458760.KS,TIGER 미국배당다우존스타겟커버드콜2호
458730.KS,TIGER 미국배당다우존스
133690.KS,TIGER 미국나스닥100
360750.KS,TIGER 미국S&P500
476550.KS,TIGER 미국30년국채커버드콜액티브(H)
157450.KS,TIGER 단기통안채
292150.KS,TIGER TOP10
310970.KS,TIGER MSCI Korea TR
449170.KS,TIGER KOFR금리액티브(합성)
357870.KS,TIGER CD금리투자KIS(합성)
475630.KS,TIGER CD1년금리액티브(합성)
305540.KS,TIGER 2차전지테마
453540.KS,TIGER 25-10 회사채(A+이상)액티브
470260.KS,TIGER 24-12 금융채(AA-이상)
102110.KS,TIGER 200
436140.KS,SOL 종합채권(AA-이상)액티브
446720.KS,SOL 미국배당다우존스
385540.KS,RISE 종합채권(A-이상)액티브
368590.KS,RISE 미국나스닥100
455890.KS,RISE 머니마켓액티브
148020.KS,RISE 200
294400.KS,KOSEF 200TR
233740.KS,KODEX 코스닥150레버리지
229200.KS,KODEX 코스닥150
273130.KS,KODEX 종합채권(AA-이상)액티브
102780.KS,KODEX 삼성그룹
379810.KS,KODEX 미국나스닥100TR
379800.KS,KODEX 미국S&P500TR
488770.KS,KODEX 머니마켓액티브
122630.KS,KODEX 레버리지
214980.KS,KODEX 단기채권PLUS
153130.KS,KODEX 단기채권
315930.KS,KODEX Top5PlusTR
423160.KS,KODEX KOFR금리액티브(합성)
459580.KS,KODEX CD금리액티브(합성)
305720.KS,KODEX 2차전지산업
476810.KS,KODEX 25-11 은행채(AA-이상)PLUS액티브
465680.KS,KODEX 24-12 은행채(AA+이상)액티브
252670.KS,KODEX 200선물인버스2X
278530.KS,KODEX 200TR
069500.KS,KODEX 200
481050.KS,KODEX 1년은행양도성예금증서+액티브(합성)
356540.KS,ACE 종합채권(AA-이상)KIS액티브
367380.KS,ACE 미국나스닥100
360200.KS,ACE 미국S&P500
453850.KS,ACE 미국30년국채액티브(H)
GOVT,iShares U.S. Treasury Bond ETF
IYR,iShares U.S. Real Estate ETF
SHV,iShares Short Treasury Bond ETF
SOXX,iShares Semiconductor ETF
XGD.TO,iShares S&P/TSX Global Gold Index ETF
XIU.TO,iShares S&P/TSX 60 Index ETF
EWU,iShares MSCI United Kingdom ETF
EWT,iShares MSCI Taiwan ETF
EWY,iShares MSCI South Korea ETF
EWW,iShares MSCI Mexico ETF
EWJ,iShares MSCI Japan ETF
INDA,iShares MSCI India ETF
EWH,iShares MSCI Hong Kong ETF
EZU,iShares MSCI Eurozone ETF
EEM,iShares MSCI Emerging Markets ETF
EFV,iShares MSCI EAFE Value ETF
EFA,iShares MSCI EAFE ETF
MCHI,iShares MSCI China ETF
ACWI,iShares MSCI ACWI ETF
MBB,iShares MBS ETF
ICLN,iShares Global Clean Energy ETF
IGV,iShares Expanded Tech-Software Sector ETF
AGG,iShares Core U.S. Aggregate Bond ETF
IUSB,iShares Core Total USD Bond Market ETF
IJR,iShares Core S&P Small-Cap ETF
IJH,iShares Core S&P Mid-Cap ETF
IVV,iShares Core S&P 500 ETF
IXUS,iShares Core MSCI Total International Stock ETF
IEMG,iShares Core MSCI Emerging Markets ETF
STIP,iShares 0-5 Year TIPS Bond ETF
IS04.DE,iShares $ Treasury Bond 20+yr UCITS ETF USD (Dist)
VXX,iPath Series B S&P 500 VIX Short-Term Futures ETN
SGOL,abrdn Physical Gold Shares ETF
00632R.TW,Yuanta Daily Taiwan 50 Bear -1X ETF
ASHR,Xtrackers Harvest CSI 300 China A-Shares ETF
USFR,WisdomTree Floating Rate Treasury Fund
UGAZ,VelocityShares 3x Long Natural Gas ETN Linked to the S&P GSCI Natural Gas Index ER
VTV,Vanguard Value Index Fund ETF Shares
VTI,Vanguard Total Stock Market Index Fund ETF Shares
VTEB,Vanguard Tax-Exempt Bond Index Fund ETF Shares
VOO,Vanguard S&P 500 ETF
VNQ,Vanguard Real Estate Index Fund ETF Shares
VCLT,Vanguard Long-Term Corporate Bond Index Fund ETF Shares
VGK,Vanguard FTSE Europe ETF
VEU,Vanguard FTSE All-World ex-US Index Fund ETF Shares
VWO,Vanguard Emerging Markets Stock Index Fund
SMH,VanEck Semiconductor ETF
GDXJ,VanEck Junior Gold Miners ETF
EMLC,VanEck J.P. Morgan EM Local Currency Bond ETF
GDX,VanEck Gold Miners ETF
